comparison	uncorrected_p-value	FDR-corrected_p-value
('IFG', 'preSMA')	0.8252337504938978	0.9914496151083833
('preSMA', 'sham')	0.9914496151083833	0.9914496151083833
('dual', 'preSMA')	0.47867389661140525	0.9914496151083833
('IFG', 'sham')	0.8751357823706571	0.9914496151083833
('IFG', 'dual')	0.36449851833982916	0.9914496151083833
('dual', 'sham')	0.6435252293632046	0.9914496151083833
