comparison	uncorrected_p-value	FDR-corrected_p-value
('preSMA', 'sham')	0.2098171081101215	0.9740184181288938
('dual', 'sham')	0.8154311974017405	0.9740184181288938
('IFG', 'sham')	0.6676907057673709	0.9740184181288938
('dual', 'preSMA')	0.6784858336898909	0.9740184181288938
('IFG', 'preSMA')	0.5354877404590827	0.9740184181288938
('IFG', 'dual')	0.9740184181288938	0.9740184181288938
