comparison	uncorrected_p-value	FDR-corrected_p-value
('IFG', 'preSMA')	0.6637834925929639	0.9619361525630652
('IFG', 'sham')	0.7662513579579938	0.9619361525630652
('IFG', 'dual')	0.9619361525630652	0.9619361525630652
('preSMA', 'sham')	0.955418025180058	0.9619361525630652
('dual', 'preSMA')	0.7439125314939318	0.9619361525630652
('dual', 'sham')	0.7948340897644492	0.9619361525630652
