comparison	uncorrected_p-value	FDR-corrected_p-value
('IFG', 'preSMA')	0.728534273671597	0.9535747917311674
('IFG', 'sham')	0.8703540801198878	0.9535747917311674
('IFG', 'dual')	0.8562317619674586	0.9535747917311674
('preSMA', 'sham')	0.9535747917311674	0.9535747917311674
('dual', 'preSMA')	0.5877477942520091	0.9535747917311674
('dual', 'sham')	0.775370620925505	0.9535747917311674
