comparison	uncorrected_p-value	FDR-corrected_p-value
('IFG', 'sham')	0.9490581301205763	0.9490581301205763
('preSMA', 'sham')	0.2568627906233801	0.8586897976602166
('dual', 'sham')	0.576139026969128	0.902775893569199
('IFG', 'preSMA')	0.2862299325534055	0.8586897976602166
('IFG', 'dual')	0.6113337341071561	0.902775893569199
('dual', 'preSMA')	0.7523132446409991	0.902775893569199
