comparison	uncorrected_p-value	FDR-corrected_p-value
('preSMA', 'sham')	0.3698067345160747	0.721234130066262
('dual', 'sham')	0.8757374224441236	0.8757374224441236
('IFG', 'sham')	0.4806855749775506	0.721234130066262
('dual', 'preSMA')	0.36777543781351796	0.721234130066262
('IFG', 'preSMA')	0.6975680185486481	0.8370816222583777
('IFG', 'dual')	0.480822753377508	0.721234130066262
