comparison	uncorrected_p-value	FDR-corrected_p-value
('preSMA', 'sham')	0.6250301807551844	0.8488106440096349
('IFG', 'sham')	0.858313049890121	0.858313049890121
('dual', 'sham')	0.4137277965762568	0.8488106440096349
('IFG', 'preSMA')	0.7073422033413624	0.8488106440096349
('dual', 'preSMA')	0.5994703106545748	0.8488106440096349
('IFG', 'dual')	0.45032845956795653	0.8488106440096349
