comparison	uncorrected_p-value	FDR-corrected_p-value
('IFG', 'preSMA')	0.8252337504938997	0.9914496151083833
('dual', 'preSMA')	0.47867389661140525	0.9914496151083833
('preSMA', 'sham')	0.9914496151083833	0.9914496151083833
('IFG', 'dual')	0.3644985183398304	0.9914496151083833
('IFG', 'sham')	0.8751357823706584	0.9914496151083833
('dual', 'sham')	0.6435252293632046	0.9914496151083833
