comparison	uncorrected_p-value	FDR-corrected_p-value
('preSMA', 'sham')	0.991449615108382	0.991449615108382
('dual', 'preSMA')	0.47867389661140114	0.991449615108382
('IFG', 'preSMA')	0.8252337504938997	0.991449615108382
('dual', 'sham')	0.6435252293632021	0.991449615108382
('IFG', 'sham')	0.8751357823706571	0.991449615108382
('IFG', 'dual')	0.3644985183398268	0.991449615108382
