comparison	uncorrected_p-value	FDR-corrected_p-value
('IFG', 'sham')	0.7662513579579938	0.9619361525630676
('IFG', 'dual')	0.9619361525630676	0.9619361525630676
('IFG', 'preSMA')	0.6637834925929564	0.9619361525630676
('dual', 'sham')	0.7948340897644515	0.9619361525630676
('preSMA', 'sham')	0.9554180251800503	0.9619361525630676
('dual', 'preSMA')	0.7439125314939292	0.9619361525630676
