comparison	uncorrected_p-value	FDR-corrected_p-value
('preSMA', 'sham')	0.25868604983522553	0.77961429775112
('dual', 'sham')	0.6273725746979795	0.77961429775112
('IFG', 'sham')	0.5555730752494201	0.77961429775112
('dual', 'preSMA')	0.7670611837273915	0.77961429775112
('IFG', 'preSMA')	0.3860602593139244	0.77961429775112
('IFG', 'dual')	0.77961429775112	0.77961429775112
