comparison	uncorrected_p-value	FDR-corrected_p-value
('IFG', 'sham')	0.8703540801198864	0.9535747917311674
('IFG', 'dual')	0.8562317619674609	0.9535747917311674
('IFG', 'preSMA')	0.7285342736715948	0.9535747917311674
('dual', 'sham')	0.775370620925505	0.9535747917311674
('preSMA', 'sham')	0.9535747917311674	0.9535747917311674
('dual', 'preSMA')	0.5877477942520091	0.9535747917311674
