comparison	uncorrected_p-value	FDR-corrected_p-value
('IFG', 'sham')	0.7032798673723633	0.9419325727100266
('preSMA', 'sham')	0.9260290281151764	0.9419325727100266
('dual', 'sham')	0.904616335824233	0.9419325727100266
('IFG', 'preSMA')	0.563059599992658	0.9419325727100266
('IFG', 'dual')	0.7239792414899214	0.9419325727100266
('dual', 'preSMA')	0.9419325727100266	0.9419325727100266
