comparison	uncorrected_p-value	FDR-corrected_p-value
('dual', 'preSMA')	0.7237720867009373	0.8426733089568834
('IFG', 'dual')	0.8035555907126721	0.8426733089568834
('dual', 'sham')	0.6238479348682333	0.8426733089568834
('IFG', 'preSMA')	0.8386676055216362	0.8426733089568834
('preSMA', 'sham')	0.8426733089568834	0.8426733089568834
('IFG', 'sham')	0.6409722179266812	0.8426733089568834
