comparison	uncorrected_p-value	FDR-corrected_p-value
('IFG', 'preSMA')	0.6975680248976047	0.8370816298771256
('IFG', 'sham')	0.48068566731947815	0.7212342605077046
('IFG', 'dual')	0.48082284033846967	0.7212342605077046
('preSMA', 'sham')	0.3698068076904676	0.7212342605077046
('dual', 'preSMA')	0.36777550525964753	0.7212342605077046
('dual', 'sham')	0.8757374373305213	0.8757374373305213
