comparison	uncorrected_p-value	FDR-corrected_p-value
('preSMA', 'sham')	0.9461860364280834	0.9461860364280834
('IFG', 'sham')	0.6400586478413757	0.9461860364280834
('dual', 'sham')	0.5932253863530419	0.9461860364280834
('IFG', 'preSMA')	0.5777732125533763	0.9461860364280834
('dual', 'preSMA')	0.5420040278092779	0.9461860364280834
('IFG', 'dual')	0.8850508122700914	0.9461860364280834
