comparison	uncorrected_p-value	FDR-corrected_p-value
('IFG', 'preSMA')	0.3860602593139243	0.77961429775112
('IFG', 'sham')	0.5555730752494201	0.77961429775112
('IFG', 'dual')	0.77961429775112	0.77961429775112
('preSMA', 'sham')	0.2586860498352254	0.77961429775112
('dual', 'preSMA')	0.7670611837273915	0.77961429775112
('dual', 'sham')	0.6273725746979795	0.77961429775112
