comparison	uncorrected_p-value	FDR-corrected_p-value
('IFG', 'sham')	0.18518905883371595	0.5074788794233956
('preSMA', 'sham')	0.31296815084821833	0.5074788794233956
('dual', 'sham')	0.04933219563992175	0.2959931738395305
('IFG', 'preSMA')	1.0	1.0
('IFG', 'dual')	0.3383192529489304	0.5074788794233956
('dual', 'preSMA')	0.4365083996508681	0.5238100795810416
