comparison	uncorrected_p-value	FDR-corrected_p-value
('IFG', 'sham')	0.7019044086101293	0.842285290332155
('preSMA', 'sham')	0.29809202210873414	0.7714872370396944
('dual', 'sham')	0.6099107186625716	0.842285290332155
('IFG', 'preSMA')	0.3857436185198472	0.7714872370396944
('IFG', 'dual')	0.9031607782757203	0.9031607782757203
('dual', 'preSMA')	0.3792343862659343	0.7714872370396944
