comparison	uncorrected_p-value	FDR-corrected_p-value
('IFG', 'sham')	0.48354171264678103	0.48354171264678103
('IFG', 'dual')	0.2065133543484344	0.4130267086968688
('IFG', 'preSMA')	0.4294869588639437	0.48354171264678103
('dual', 'sham')	0.09756661442665286	0.4130267086968688
('preSMA', 'sham')	0.1430838963219819	0.4130267086968688
('dual', 'preSMA')	0.4460014226264357	0.48354171264678103
