comparison	uncorrected_p-value	FDR-corrected_p-value
('preSMA', 'sham')	0.17489016313383274	0.8306427261087728
('IFG', 'sham')	0.27688090870292426	0.8306427261087728
('dual', 'sham')	0.7671383783621546	0.9162059334030185
('IFG', 'preSMA')	0.9162059334030185	0.9162059334030185
('dual', 'preSMA')	0.7754314240550063	0.9162059334030185
('IFG', 'dual')	0.8207221206925154	0.9162059334030185
