comparison	uncorrected_p-value	FDR-corrected_p-value
('IFG', 'preSMA')	0.5354877698667038	0.9740185110659041
('IFG', 'sham')	0.6676908228329828	0.9740185110659041
('IFG', 'dual')	0.9740185110659041	0.9740185110659041
('preSMA', 'sham')	0.20981717250225185	0.9740185110659041
('dual', 'preSMA')	0.678485926763529	0.9740185110659041
('dual', 'sham')	0.8154311735120495	0.9740185110659041
