comparison	uncorrected_p-value	FDR-corrected_p-value
('IFG', 'preSMA')	0.563059599992658	0.9419325727100303
('dual', 'preSMA')	0.9419325727100303	0.9419325727100303
('preSMA', 'sham')	0.9260290281151764	0.9419325727100303
('IFG', 'dual')	0.7239792414899249	0.9419325727100303
('IFG', 'sham')	0.7032798673723633	0.9419325727100303
('dual', 'sham')	0.9046163358242363	0.9419325727100303
