comparison	uncorrected_p-value	FDR-corrected_p-value
('preSMA', 'sham')	0.2511827091818087	0.8297740586732624
('IFG', 'sham')	0.7243500069273172	0.8445674289740276
('dual', 'sham')	0.4827208475815272	0.8445674289740276
('IFG', 'preSMA')	0.27659135289108744	0.8297740586732624
('dual', 'preSMA')	0.8445674289740276	0.8445674289740276
('IFG', 'dual')	0.575465750706486	0.8445674289740276
