comparison	uncorrected_p-value	FDR-corrected_p-value
('IFG', 'preSMA')	0.5878109029649944	0.5878109029649944
('IFG', 'sham')	0.11000570249576899	0.22001140499153798
('IFG', 'dual')	0.21472488882746094	0.32208733324119143
('preSMA', 'sham')	0.040199624379156085	0.12059887313746825
('dual', 'preSMA')	0.4980407130992105	0.5878109029649944
('dual', 'sham')	0.006463825405516966	0.0387829524331018
