comparison	uncorrected_p-value	FDR-corrected_p-value
('preSMA', 'sham')	0.02795997009244416	0.08387991027733249
('dual', 'preSMA')	0.5271098445599203	0.6325318134719043
('IFG', 'preSMA')	0.6689981373649843	0.6689981373649843
('dual', 'sham')	0.0210242392428403	0.08387991027733249
('IFG', 'sham')	0.09388230105475687	0.18776460210951373
('IFG', 'dual')	0.3377931465496906	0.5066897198245359
