comparison	uncorrected_p-value	FDR-corrected_p-value
('IFG', 'preSMA')	0.6731502722880316	0.8077803267456378
('IFG', 'sham')	0.09933862933731528	0.19867725867463057
('IFG', 'dual')	0.5722632462593097	0.8077803267456378
('preSMA', 'sham')	0.015392145091722416	0.0923528705503345
('dual', 'preSMA')	0.8215327765331822	0.8215327765331822
('dual', 'sham')	0.03211866073369369	0.09635598220108108
