comparison	uncorrected_p-value	FDR-corrected_p-value
('IFG', 'sham')	0.09388230105475717	0.18776460210951434
('preSMA', 'sham')	0.027959970092443907	0.08387991027733173
('dual', 'sham')	0.0210242392428401	0.08387991027733173
('IFG', 'preSMA')	0.6689981373649805	0.6689981373649805
('IFG', 'dual')	0.33779314654968784	0.5066897198245318
('dual', 'preSMA')	0.5271098445599194	0.6325318134719032
