comparison	uncorrected_p-value	FDR-corrected_p-value
('IFG', 'sham')	0.10278824994052867	0.20557649988105733
('IFG', 'dual')	0.6172396026941673	0.7855417365445446
('IFG', 'preSMA')	0.9274701137751031	0.9274701137751031
('dual', 'sham')	0.10106646112742637	0.20557649988105733
('preSMA', 'sham')	0.06144599318141405	0.20557649988105733
('dual', 'preSMA')	0.6546181137871205	0.7855417365445446
