comparison	uncorrected_p-value	FDR-corrected_p-value
('IFG', 'preSMA')	0.39211222041937743	0.5314675612238511
('IFG', 'sham')	0.15296802932548156	0.3059360586509631
('IFG', 'dual')	0.44288963435320927	0.5314675612238511
('preSMA', 'sham')	0.0010686108500098665	0.006411665100059199
('dual', 'preSMA')	1.0	1.0
('dual', 'sham')	0.008293427234397504	0.024880281703192512
