comparison	uncorrected_p-value	FDR-corrected_p-value
('IFG', 'preSMA')	0.6689981373649856	0.6689981373649856
('dual', 'preSMA')	0.5271098445599203	0.6325318134719043
('preSMA', 'sham')	0.027959970092444032	0.0838799102773321
('IFG', 'dual')	0.3377931465496913	0.5066897198245369
('IFG', 'sham')	0.09388230105475621	0.18776460210951243
('dual', 'sham')	0.02102423924284023	0.0838799102773321
