comparison	uncorrected_p-value	FDR-corrected_p-value
('IFG', 'preSMA')	0.7687346736099485	0.7687346736099485
('dual', 'preSMA')	0.18616154972034524	0.22339385966441427
('preSMA', 'sham')	0.05713735677322207	0.1714120703196662
('IFG', 'dual')	0.13412039648447663	0.20118059472671496
('IFG', 'sham')	0.12130823473584015	0.20118059472671496
('dual', 'sham')	0.008068377570857255	0.04841026542514353
