comparison	uncorrected_p-value	FDR-corrected_p-value
('IFG', 'sham')	0.09296355263153296	0.1859271052630659
('preSMA', 'sham')	0.008197175279596472	0.04918305167757883
('dual', 'sham')	0.031660219710439856	0.09498065913131958
('IFG', 'preSMA')	0.7062223366714413	0.8289989065295064
('IFG', 'dual')	0.6178736730918479	0.8289989065295064
('dual', 'preSMA')	0.8289989065295064	0.8289989065295064
