comparison	uncorrected_p-value	FDR-corrected_p-value
('preSMA', 'sham')	0.05713735677322207	0.1714120703196662
('IFG', 'sham')	0.12130823473584015	0.20118059472671412
('dual', 'sham')	0.008068377570857219	0.04841026542514332
('IFG', 'preSMA')	0.7687346736099485	0.7687346736099485
('dual', 'preSMA')	0.18616154972034435	0.22339385966441322
('IFG', 'dual')	0.13412039648447607	0.20118059472671412
