comparison	uncorrected_p-value	FDR-corrected_p-value
('preSMA', 'sham')	0.04933219563992165	0.13780564588098848
('IFG', 'sham')	0.03553691144879925	0.13780564588098848
('dual', 'sham')	0.06890282294049424	0.13780564588098848
('IFG', 'preSMA')	0.8942616946536546	0.8942616946536546
('dual', 'preSMA')	0.787160340449371	0.8942616946536546
('IFG', 'dual')	0.6797553713106459	0.8942616946536546
