comparison	uncorrected_p-value	FDR-corrected_p-value
('preSMA', 'sham')	0.02795997009244416	0.08387991027733249
('IFG', 'sham')	0.09388230105475687	0.18776460210951373
('dual', 'sham')	0.021024239242840168	0.08387991027733249
('IFG', 'preSMA')	0.6689981373649843	0.6689981373649843
('dual', 'preSMA')	0.5271098445599183	0.6325318134719019
('IFG', 'dual')	0.33779314654968906	0.5066897198245336
