comparison	uncorrected_p-value	FDR-corrected_p-value
('IFG', 'sham')	0.13948593048546207	0.27897186097092413
('preSMA', 'sham')	0.02649149751409509	0.15894898508457053
('dual', 'sham')	0.07202981269642775	0.21608943808928324
('IFG', 'preSMA')	0.5845693018249946	0.8454891913803453
('IFG', 'dual')	0.754759068962218	0.8454891913803453
('dual', 'preSMA')	0.8454891913803453	0.8454891913803453
