comparison	uncorrected_p-value	FDR-corrected_p-value
('IFG', 'sham')	0.10883697088156288	0.21767394176312577
('preSMA', 'sham')	0.047293815778409826	0.14188144733522948
('dual', 'sham')	0.026018525865355694	0.14188144733522948
('IFG', 'preSMA')	0.5396809717877964	0.6476171661453557
('IFG', 'dual')	0.320961888095612	0.481442832143418
('dual', 'preSMA')	0.6942719419296989	0.6942719419296989
