comparison	uncorrected_p-value	FDR-corrected_p-value
('preSMA', 'sham')	0.07136189970624242	0.42817139823745454
('IFG', 'sham')	0.3130960354370302	0.6261920708740604
('dual', 'sham')	0.15798776502021325	0.4739632950606398
('IFG', 'preSMA')	0.4675175402279793	0.701276310341969
('dual', 'preSMA')	0.8685575629601101	0.8685575629601101
('IFG', 'dual')	0.6233767141804335	0.7480520570165202
