comparison	uncorrected_p-value	FDR-corrected_p-value
('preSMA', 'sham')	0.05713735677322207	0.1714120703196662
('dual', 'preSMA')	0.18616154972034435	0.22339385966441322
('IFG', 'preSMA')	0.7687346736099439	0.7687346736099439
('dual', 'sham')	0.008068377570857219	0.04841026542514332
('IFG', 'sham')	0.12130823473584156	0.20118059472671238
('IFG', 'dual')	0.1341203964844749	0.20118059472671238
