comparison	uncorrected_p-value	FDR-corrected_p-value
('preSMA', 'sham')	0.015594812666868444	0.09356887600121067
('IFG', 'sham')	0.07872613754757317	0.23617841264271952
('dual', 'sham')	0.1413921161415362	0.2827842322830724
('IFG', 'preSMA')	0.6226913570842652	0.7472296285011182
('dual', 'preSMA')	0.5988810279321808	0.7472296285011182
('IFG', 'dual')	0.9343614334796643	0.9343614334796643
