comparison	uncorrected_p-value	FDR-corrected_p-value
('IFG', 'preSMA')	0.9274701137751016	0.9274701137751016
('IFG', 'sham')	0.1027882499405291	0.2055764998810582
('IFG', 'dual')	0.6172396026941664	0.7855417365445446
('preSMA', 'sham')	0.06144599318141405	0.2055764998810582
('dual', 'preSMA')	0.6546181137871205	0.7855417365445446
('dual', 'sham')	0.10106646112742634	0.2055764998810582
