comparison	uncorrected_p-value	FDR-corrected_p-value
('IFG', 'sham')	0.12130823473584026	0.20118059472671412
('preSMA', 'sham')	0.05713735677322207	0.1714120703196662
('dual', 'sham')	0.008068377570857233	0.0484102654251434
('IFG', 'preSMA')	0.7687346736099485	0.7687346736099485
('IFG', 'dual')	0.13412039648447607	0.20118059472671412
('dual', 'preSMA')	0.18616154972034435	0.22339385966441322
