comparison	uncorrected_p-value	FDR-corrected_p-value
('IFG', 'preSMA')	1.0	1.0
('preSMA', 'sham')	0.048359411764393984	0.12850317260045827
('dual', 'preSMA')	0.44236597818791346	0.5678538625732172
('IFG', 'sham')	0.06425158630022913	0.12850317260045827
('IFG', 'dual')	0.47321155214434774	0.5678538625732172
('dual', 'sham')	0.008604385876330032	0.05162631525798019
