comparison	uncorrected_p-value	FDR-corrected_p-value
('IFG', 'preSMA')	0.6689981373649843	0.6689981373649843
('preSMA', 'sham')	0.027959970092444032	0.0838799102773321
('dual', 'preSMA')	0.5271098445599183	0.6325318134719019
('IFG', 'sham')	0.09388230105475652	0.18776460210951304
('IFG', 'dual')	0.33779314654968906	0.5066897198245336
('dual', 'sham')	0.021024239242840127	0.0838799102773321
