comparison	uncorrected_p-value	FDR-corrected_p-value
('dual', 'preSMA')	0.5271098445599212	0.6325318134719053
('IFG', 'dual')	0.3377931465496906	0.5066897198245359
('dual', 'sham')	0.02102423924284023	0.08387991027733173
('IFG', 'preSMA')	0.6689981373649831	0.6689981373649831
('preSMA', 'sham')	0.027959970092443907	0.08387991027733173
('IFG', 'sham')	0.09388230105475652	0.18776460210951304
