comparison	uncorrected_p-value	FDR-corrected_p-value
('IFG', 'sham')	0.12331011832063948	0.41820943323173365
('IFG', 'dual')	0.6142779625470162	0.6142779625470162
('IFG', 'preSMA')	0.5417460754632495	0.6142779625470162
('dual', 'sham')	0.13940314441057788	0.41820943323173365
('preSMA', 'sham')	0.29110600263540043	0.5673383352110144
('dual', 'preSMA')	0.37822555680734293	0.5673383352110144
