comparison	uncorrected_p-value	FDR-corrected_p-value
('IFG', 'preSMA')	0.7687346736099439	0.7687346736099439
('preSMA', 'sham')	0.05713735677322139	0.17141207031966418
('dual', 'preSMA')	0.1861615497203459	0.22339385966441508
('IFG', 'sham')	0.12130823473584015	0.20118059472671412
('IFG', 'dual')	0.13412039648447607	0.20118059472671412
('dual', 'sham')	0.008068377570857219	0.04841026542514332
