comparison	uncorrected_p-value	FDR-corrected_p-value
('preSMA', 'sham')	0.12375185848842338	0.4848413464636432
('IFG', 'sham')	0.7544413839519968	0.7808128222910127
('dual', 'sham')	0.6482092112961658	0.7808128222910127
('IFG', 'preSMA')	0.16161378215454772	0.4848413464636432
('dual', 'preSMA')	0.4478607835689561	0.7808128222910127
('IFG', 'dual')	0.7808128222910127	0.7808128222910127
