comparison	uncorrected_p-value	FDR-corrected_p-value
('IFG', 'sham')	0.03451246531058292	0.18487181674520156
('IFG', 'dual')	1.0	1.0
('IFG', 'preSMA')	0.9054653264185868	1.0
('dual', 'sham')	0.0879347234151134	0.18487181674520156
('preSMA', 'sham')	0.09243590837260078	0.18487181674520156
('dual', 'preSMA')	0.9208070941980323	1.0
