comparison	uncorrected_p-value	FDR-corrected_p-value
('IFG', 'preSMA')	0.5171787758295459	0.620614530995455
('IFG', 'sham')	0.3397697086012943	0.620614530995455
('IFG', 'dual')	0.41711977122931887	0.620614530995455
('preSMA', 'sham')	0.22248355421014585	0.620614530995455
('dual', 'preSMA')	0.877327574799258	0.877327574799258
('dual', 'sham')	0.18108450291603412	0.620614530995455
