comparison	uncorrected_p-value	FDR-corrected_p-value
('IFG', 'sham')	0.3453247077258862	0.5179870615888293
('IFG', 'dual')	0.3388440407375847	0.5179870615888293
('IFG', 'preSMA')	0.534661795854596	0.6415941550255151
('dual', 'sham')	0.07720772080499476	0.39687269437959843
('preSMA', 'sham')	0.1322908981265328	0.39687269437959843
('dual', 'preSMA')	0.7013660858026873	0.7013660858026873
