comparison	uncorrected_p-value	FDR-corrected_p-value
('IFG', 'sham')	0.8344595197725816	0.8344595197725816
('preSMA', 'sham')	0.19313912790009025	0.3331238241411523
('dual', 'sham')	0.09767930800207514	0.3156938531713261
('IFG', 'preSMA')	0.22208254942743488	0.3331238241411523
('IFG', 'dual')	0.10523128439044202	0.3156938531713261
('dual', 'preSMA')	0.725128483972316	0.8344595197725816
