comparison	uncorrected_p-value	FDR-corrected_p-value
('IFG', 'preSMA')	0.7200892911912753	0.7200892911912753
('IFG', 'sham')	0.2358816683119026	0.4717633366238052
('IFG', 'dual')	0.3917675912079317	0.5876513868118975
('preSMA', 'sham')	0.12896529225179754	0.3868958767553926
('dual', 'preSMA')	0.5977632996686155	0.7173159596023386
('dual', 'sham')	0.05615423420437061	0.33692540522622366
