comparison	uncorrected_p-value	FDR-corrected_p-value
('IFG', 'preSMA')	0.5346617958545936	0.6415941550255123
('IFG', 'sham')	0.3453247077258855	0.5179870615888283
('IFG', 'dual')	0.33884404073758545	0.5179870615888283
('preSMA', 'sham')	0.13229089812653186	0.3968726943795956
('dual', 'preSMA')	0.7013660858026913	0.7013660858026913
('dual', 'sham')	0.07720772080499476	0.3968726943795956
