comparison	uncorrected_p-value	FDR-corrected_p-value
('IFG', 'preSMA')	0.8021322264674391	0.8021322264674391
('IFG', 'sham')	0.30056650432289106	0.4508497564843366
('IFG', 'dual')	0.16085827235550887	0.35485640258354884
('preSMA', 'sham')	0.4140325801588458	0.49683909619061495
('dual', 'preSMA')	0.17742820129177442	0.35485640258354884
('dual', 'sham')	0.08964230634340906	0.35485640258354884
