comparison	uncorrected_p-value	FDR-corrected_p-value
('dual', 'preSMA')	0.4672015548608185	0.5352117157652183
('IFG', 'dual')	0.20149485926614916	0.4029897185322983
('dual', 'sham')	0.08689902787137498	0.4029897185322983
('IFG', 'preSMA')	0.5352117157652183	0.5352117157652183
('preSMA', 'sham')	0.16955212535012368	0.4029897185322983
('IFG', 'sham')	0.2990027159159601	0.4485040738739402
