comparison	uncorrected_p-value	FDR-corrected_p-value
('preSMA', 'sham')	0.3075100193159524	0.6094589908463072
('IFG', 'sham')	0.4063059938975381	0.6094589908463072
('dual', 'sham')	0.14266803330918945	0.6054772492234228
('IFG', 'preSMA')	0.6642514717311356	0.6642514717311356
('dual', 'preSMA')	0.5813853421180133	0.6642514717311356
('IFG', 'dual')	0.20182574974114093	0.6054772492234228
