comparison	uncorrected_p-value	FDR-corrected_p-value
('dual', 'preSMA')	0.7251284839723146	0.8344595197725786
('IFG', 'dual')	0.10523128439044166	0.315693853171325
('dual', 'sham')	0.09767930800207426	0.315693853171325
('IFG', 'preSMA')	0.22208254942743486	0.3331238241411523
('preSMA', 'sham')	0.1931391279000893	0.3331238241411523
('IFG', 'sham')	0.8344595197725786	0.8344595197725786
