comparison	uncorrected_p-value	FDR-corrected_p-value
('preSMA', 'sham')	0.19313912790008816	0.3331238241411502
('IFG', 'sham')	0.8344595197725786	0.8344595197725786
('dual', 'sham')	0.09767930800207426	0.315693853171325
('IFG', 'preSMA')	0.22208254942743347	0.3331238241411502
('dual', 'preSMA')	0.7251284839723176	0.8344595197725786
('IFG', 'dual')	0.10523128439044166	0.315693853171325
