comparison	uncorrected_p-value	FDR-corrected_p-value
('IFG', 'preSMA')	0.6591686308833509	0.6591686308833509
('preSMA', 'sham')	0.12641706808778166	0.379251204263345
('dual', 'preSMA')	0.46133239186466557	0.5535988702375987
('IFG', 'sham')	0.3193400980819032	0.47901014712285483
('IFG', 'dual')	0.2939826828530524	0.47901014712285483
('dual', 'sham')	0.04198375808035223	0.2519025484821134
