comparison	uncorrected_p-value	FDR-corrected_p-value
('preSMA', 'sham')	0.1264170680877823	0.3792512042633469
('dual', 'preSMA')	0.4613323918646637	0.5535988702375964
('IFG', 'preSMA')	0.6591686308833529	0.6591686308833529
('dual', 'sham')	0.04198375808035223	0.2519025484821134
('IFG', 'sham')	0.3193400980819032	0.47901014712285483
('IFG', 'dual')	0.2939826828530524	0.47901014712285483
