comparison	uncorrected_p-value	FDR-corrected_p-value
('IFG', 'sham')	0.3005665043228912	0.45084975648433684
('IFG', 'dual')	0.16085827235550887	0.35485640258354884
('IFG', 'preSMA')	0.8021322264674391	0.8021322264674391
('dual', 'sham')	0.08964230634340906	0.35485640258354884
('preSMA', 'sham')	0.4140325801588458	0.49683909619061495
('dual', 'preSMA')	0.17742820129177442	0.35485640258354884
