comparison	uncorrected_p-value	FDR-corrected_p-value
('preSMA', 'sham')	0.22248354790052535	0.6206145463092047
('dual', 'sham')	0.18108452318211005	0.6206145463092047
('IFG', 'sham')	0.3397696856474902	0.6206145463092047
('dual', 'preSMA')	0.8773276374727075	0.8773276374727075
('IFG', 'preSMA')	0.5171787885910039	0.6206145463092047
('IFG', 'dual')	0.4171198380438592	0.6206145463092047
