comparison	uncorrected_p-value	FDR-corrected_p-value
('IFG', 'preSMA')	0.13375793240836065	0.40127379722508194
('IFG', 'sham')	0.8099693503036544	0.8923823927982406
('IFG', 'dual')	0.05328915294113335	0.3197349176468001
('preSMA', 'sham')	0.31456517052748817	0.4718477557912323
('dual', 'preSMA')	0.8923823927982406	0.8923823927982406
('dual', 'sham')	0.21731310390328004	0.4346262078065601
