comparison	uncorrected_p-value	FDR-corrected_p-value
('preSMA', 'sham')	0.11637645886161123	0.34912937658483373
('IFG', 'sham')	0.31704141944593045	0.6061899841469164
('dual', 'sham')	0.04549030212312378	0.2729418127387427
('IFG', 'preSMA')	0.7286235725473709	0.7286235725473709
('dual', 'preSMA')	0.5051583201224303	0.6061899841469164
('IFG', 'dual')	0.4076003005628306	0.6061899841469164
