comparison	uncorrected_p-value	FDR-corrected_p-value
('IFG', 'sham')	0.31934009808190217	0.4790101471228533
('preSMA', 'sham')	0.12641706808778194	0.37925120426334585
('dual', 'sham')	0.041983758080352304	0.25190254848211385
('IFG', 'preSMA')	0.6591686308833539	0.6591686308833539
('IFG', 'dual')	0.29398268285305457	0.4790101471228533
('dual', 'preSMA')	0.46133239186466557	0.5535988702375987
