comparison	uncorrected_p-value	FDR-corrected_p-value
('preSMA', 'sham')	0.19313912790008708	0.3331238241411514
('dual', 'preSMA')	0.7251284839723204	0.8344595197725742
('IFG', 'preSMA')	0.22208254942743424	0.3331238241411514
('dual', 'sham')	0.09767930800207426	0.3156938531713283
('IFG', 'sham')	0.8344595197725742	0.8344595197725742
('IFG', 'dual')	0.10523128439044276	0.3156938531713283
