comparison	uncorrected_p-value	FDR-corrected_p-value
('IFG', 'sham')	0.2938892816195759	0.5877785632391518
('preSMA', 'sham')	0.26013820084999506	0.5877785632391518
('dual', 'sham')	0.13424057554673993	0.5877785632391518
('IFG', 'preSMA')	0.7961128560340761	0.7961128560340761
('IFG', 'dual')	0.41519864922673666	0.622797973840105
('dual', 'preSMA')	0.6932947801431606	0.7961128560340761
