comparison	uncorrected_p-value	FDR-corrected_p-value
('preSMA', 'sham')	0.12896528921390704	0.3868958676417211
('dual', 'sham')	0.056154235495592494	0.336925412973555
('IFG', 'sham')	0.2358816660542095	0.471763332108419
('dual', 'preSMA')	0.5977633223136072	0.7173159867763286
('IFG', 'preSMA')	0.7200892869578779	0.7200892869578779
('IFG', 'dual')	0.3917676051109533	0.58765140766643
