comparison	uncorrected_p-value	FDR-corrected_p-value
('dual', 'preSMA')	0.4613323918646637	0.5535988702375964
('IFG', 'dual')	0.2939826828530533	0.4790101471228533
('dual', 'sham')	0.041983758080352054	0.25190254848211235
('IFG', 'preSMA')	0.6591686308833539	0.6591686308833539
('preSMA', 'sham')	0.12641706808778194	0.37925120426334585
('IFG', 'sham')	0.31934009808190217	0.4790101471228533
