comparison	uncorrected_p-value	FDR-corrected_p-value
('IFG', 'sham')	0.8099693503036596	0.8923823927982406
('IFG', 'dual')	0.05328915294113361	0.3197349176468017
('IFG', 'preSMA')	0.1337579324083611	0.4012737972250833
('dual', 'sham')	0.21731310390327885	0.4346262078065577
('preSMA', 'sham')	0.3145651705274866	0.47184775579122995
('dual', 'preSMA')	0.8923823927982406	0.8923823927982406
