comparison	uncorrected_p-value	FDR-corrected_p-value
('preSMA', 'sham')	0.38427520578007557	0.5764128086701134
('IFG', 'sham')	0.5088495073986542	0.6106194088783851
('dual', 'sham')	0.1890689628612688	0.5672068885838065
('IFG', 'preSMA')	0.6570009804492956	0.6570009804492956
('dual', 'preSMA')	0.3244914183880262	0.5764128086701134
('IFG', 'dual')	0.1436736714440371	0.5672068885838065
