comparison	uncorrected_p-value	FDR-corrected_p-value
('IFG', 'preSMA')	0.2220825494274329	0.3331238241411494
('dual', 'preSMA')	0.7251284839723204	0.8344595197725786
('preSMA', 'sham')	0.19313912790008764	0.3331238241411494
('IFG', 'dual')	0.10523128439044202	0.3156938531713261
('IFG', 'sham')	0.8344595197725786	0.8344595197725786
('dual', 'sham')	0.09767930800207451	0.3156938531713261
