comparison	uncorrected_p-value	FDR-corrected_p-value
('IFG', 'sham')	0.2865343530743724	0.5159275618596724
('preSMA', 'sham')	0.10752505556506531	0.3225751666951959
('dual', 'sham')	0.07165106856978985	0.3225751666951959
('IFG', 'preSMA')	0.46934689868802937	0.5632162784256353
('IFG', 'dual')	0.34395170790644825	0.5159275618596724
('dual', 'preSMA')	0.8454259045675006	0.8454259045675006
