comparison	uncorrected_p-value	FDR-corrected_p-value
('preSMA', 'sham')	0.18345118595112073	0.28005949471123354
('IFG', 'sham')	0.9817487085631975	0.9817487085631975
('dual', 'sham')	0.13960946354986606	0.28005949471123354
('IFG', 'preSMA')	0.18670632980748902	0.28005949471123354
('dual', 'preSMA')	0.915019541574178	0.9817487085631975
('IFG', 'dual')	0.14172306448150165	0.28005949471123354
