comparison	uncorrected_p-value	FDR-corrected_p-value
('IFG', 'sham')	0.4243037127214596	0.5091644552657515
('preSMA', 'sham')	0.17231522835181612	0.5015545346352396
('dual', 'sham')	0.19246234784993538	0.5015545346352396
('IFG', 'preSMA')	0.28985818366252575	0.5015545346352396
('IFG', 'dual')	0.33436968975682635	0.5015545346352396
('dual', 'preSMA')	0.8198456783283309	0.8198456783283309
