comparison	uncorrected_p-value	FDR-corrected_p-value
('preSMA', 'sham')	0.23131196633182988	0.9024890978166109
('IFG', 'sham')	0.482743205783286	0.9024890978166109
('dual', 'sham')	0.3735636302005766	0.9024890978166109
('IFG', 'preSMA')	0.7448196852972726	0.9024890978166109
('dual', 'preSMA')	0.9024890978166109	0.9024890978166109
('IFG', 'dual')	0.8543799173591798	0.9024890978166109
