comparison	uncorrected_p-value	FDR-corrected_p-value
('preSMA', 'sham')	0.9269100947986227	0.9269100947986227
('IFG', 'sham')	0.38816803758191376	0.8963559805590738
('dual', 'sham')	0.6465616813569919	0.8963559805590738
('IFG', 'preSMA')	0.49090698487055884	0.8963559805590738
('dual', 'preSMA')	0.7469633171325616	0.8963559805590738
('IFG', 'dual')	0.5897188196391578	0.8963559805590738
