comparison	uncorrected_p-value	FDR-corrected_p-value
('IFG', 'sham')	0.566233875545503	0.8033494713008217
('IFG', 'dual')	0.6694578927506848	0.8033494713008217
('IFG', 'preSMA')	0.14095982287898803	0.4341628715732423
('dual', 'sham')	0.9107234207643053	0.9107234207643053
('preSMA', 'sham')	0.15066321552622863	0.4341628715732423
('dual', 'preSMA')	0.21708143578662115	0.4341628715732423
