comparison	uncorrected_p-value	FDR-corrected_p-value
('dual', 'preSMA')	0.9024890978166109	0.9024890978166109
('IFG', 'dual')	0.854379917359178	0.9024890978166109
('dual', 'sham')	0.37356363020057326	0.9024890978166109
('IFG', 'preSMA')	0.7448196852972706	0.9024890978166109
('preSMA', 'sham')	0.23131196633182735	0.9024890978166109
('IFG', 'sham')	0.482743205783284	0.9024890978166109
