comparison	uncorrected_p-value	FDR-corrected_p-value
('preSMA', 'sham')	0.19753169251509475	0.8911157638639787
('dual', 'sham')	0.55279330906152	0.8911157638639787
('IFG', 'sham')	0.5693695573686998	0.8911157638639787
('dual', 'preSMA')	0.742596469886649	0.8911157638639787
('IFG', 'preSMA')	0.6091114053404714	0.8911157638639787
('IFG', 'dual')	0.9119942694041671	0.9119942694041671
