comparison	uncorrected_p-value	FDR-corrected_p-value
('IFG', 'sham')	0.9280952272704379	0.9280952272704379
('preSMA', 'sham')	0.09975371411709615	0.45060325156682113
('dual', 'sham')	0.8204519181394279	0.9280952272704379
('IFG', 'preSMA')	0.21923946199126865	0.45060325156682113
('IFG', 'dual')	0.8211469905088009	0.9280952272704379
('dual', 'preSMA')	0.22530162578341056	0.45060325156682113
