comparison	uncorrected_p-value	FDR-corrected_p-value
('IFG', 'preSMA')	0.16345449121571554	0.5330434168203257
('preSMA', 'sham')	0.39028084385643835	0.5330434168203257
('dual', 'preSMA')	0.4442028473502715	0.5330434168203257
('IFG', 'sham')	0.37971984669785586	0.5330434168203257
('IFG', 'dual')	0.43618366277326737	0.5330434168203257
('dual', 'sham')	1.0	1.0
