comparison	uncorrected_p-value	FDR-corrected_p-value
('IFG', 'sham')	0.4827432057832859	0.9024890978166109
('preSMA', 'sham')	0.23131196633182988	0.9024890978166109
('dual', 'sham')	0.3735636302005766	0.9024890978166109
('IFG', 'preSMA')	0.7448196852972726	0.9024890978166109
('IFG', 'dual')	0.8543799173591798	0.9024890978166109
('dual', 'preSMA')	0.9024890978166109	0.9024890978166109
