comparison	uncorrected_p-value	FDR-corrected_p-value
('preSMA', 'sham')	0.7457663385148781	0.7457663385148781
('IFG', 'sham')	0.19088486634080543	0.7193643727854898
('dual', 'sham')	0.38201203934519024	0.7193643727854898
('IFG', 'preSMA')	0.32932664199093964	0.7193643727854898
('dual', 'preSMA')	0.5994703106545749	0.7193643727854898
('IFG', 'dual')	0.5555730752494201	0.7193643727854898
