comparison	uncorrected_p-value	FDR-corrected_p-value
('IFG', 'preSMA')	0.7448196852972687	0.9024890978166071
('dual', 'preSMA')	0.9024890978166071	0.9024890978166071
('preSMA', 'sham')	0.23131196633182452	0.9024890978166071
('IFG', 'dual')	0.8543799173591798	0.9024890978166071
('IFG', 'sham')	0.48274320578328167	0.9024890978166071
('dual', 'sham')	0.37356363020057326	0.9024890978166071
