comparison	uncorrected_p-value	FDR-corrected_p-value
('IFG', 'preSMA')	0.7133560784864084	0.8810034694416092
('IFG', 'sham')	0.4442028473502716	0.8810034694416092
('IFG', 'dual')	0.7341695578680077	0.8810034694416092
('preSMA', 'sham')	0.6889739860599016	0.8810034694416092
('dual', 'preSMA')	1.0	1.0
('dual', 'sham')	0.7014227793129391	0.8810034694416092
