comparison	uncorrected_p-value	FDR-corrected_p-value
('preSMA', 'sham')	0.43345525665380347	0.795881599666568
('dual', 'preSMA')	0.5839020012513008	0.795881599666568
('IFG', 'preSMA')	0.3572302503463418	0.795881599666568
('dual', 'sham')	0.9010226926890302	0.9010226926890302
('IFG', 'sham')	0.6632346663888067	0.795881599666568
('IFG', 'dual')	0.6393671397429163	0.795881599666568
