comparison	uncorrected_p-value	FDR-corrected_p-value
('IFG', 'preSMA')	0.3572302503463408	0.795881599666568
('dual', 'preSMA')	0.5839020012513008	0.795881599666568
('preSMA', 'sham')	0.4334552566538019	0.795881599666568
('IFG', 'dual')	0.639367139742915	0.795881599666568
('IFG', 'sham')	0.6632346663888067	0.795881599666568
('dual', 'sham')	0.9010226926890282	0.9010226926890282
