comparison	uncorrected_p-value	FDR-corrected_p-value
('preSMA', 'sham')	0.4334552566538006	0.7958815996665664
('IFG', 'sham')	0.6632346663888053	0.7958815996665664
('dual', 'sham')	0.9010226926890302	0.9010226926890302
('IFG', 'preSMA')	0.35723025034633926	0.7958815996665664
('dual', 'preSMA')	0.5839020012512981	0.7958815996665664
('IFG', 'dual')	0.639367139742915	0.7958815996665664
