comparison	uncorrected_p-value	FDR-corrected_p-value
('IFG', 'sham')	0.7303744282594018	0.846376661667626
('preSMA', 'sham')	0.5276882174306546	0.846376661667626
('dual', 'sham')	0.7044776107659574	0.846376661667626
('IFG', 'preSMA')	0.846376661667626	0.846376661667626
('IFG', 'dual')	0.5976879193133148	0.846376661667626
('dual', 'preSMA')	0.4750083920734063	0.846376661667626
