comparison	uncorrected_p-value	FDR-corrected_p-value
('preSMA', 'sham')	0.22920592720474373	0.6876177816142313
('dual', 'sham')	0.678848541285592	0.7269065123225846
('IFG', 'sham')	0.7269065123225846	0.7269065123225846
('dual', 'preSMA')	0.35871501648025195	0.7174300329605039
('IFG', 'preSMA')	0.1859259583819889	0.6876177816142313
('IFG', 'dual')	0.49954700854339396	0.7269065123225846
