comparison	uncorrected_p-value	FDR-corrected_p-value
('IFG', 'preSMA')	0.1845300563059608	0.5535901689178825
('IFG', 'sham')	0.915954941250026	0.915954941250026
('IFG', 'dual')	0.5829541004149998	0.6995449204979998
('preSMA', 'sham')	0.07558381833008285	0.4535029099804971
('dual', 'preSMA')	0.33506705360716404	0.5563977647071722
('dual', 'sham')	0.3709318431381148	0.5563977647071722
