comparison	uncorrected_p-value	FDR-corrected_p-value
('IFG', 'sham')	0.6063439241668078	0.96876377614739
('IFG', 'dual')	0.8658420200027056	0.96876377614739
('IFG', 'preSMA')	0.8516804112078754	0.96876377614739
('dual', 'sham')	0.47479084156038265	0.96876377614739
('preSMA', 'sham')	0.5337044007810305	0.96876377614739
('dual', 'preSMA')	0.96876377614739	0.96876377614739
