comparison	uncorrected_p-value	FDR-corrected_p-value
('IFG', 'sham')	0.35896171434048707	0.8892404831692791
('preSMA', 'sham')	0.5713776119935003	0.8892404831692791
('dual', 'sham')	0.6156381692655115	0.8892404831692791
('IFG', 'preSMA')	0.765031950448988	0.8892404831692791
('IFG', 'dual')	0.5897188196391578	0.8892404831692791
('dual', 'preSMA')	0.8892404831692791	0.8892404831692791
