comparison	uncorrected_p-value	FDR-corrected_p-value
('IFG', 'preSMA')	0.7448196852972726	0.9024890978166129
('preSMA', 'sham')	0.23131196633182988	0.9024890978166129
('dual', 'preSMA')	0.9024890978166129	0.9024890978166129
('IFG', 'sham')	0.4827432057832859	0.9024890978166129
('IFG', 'dual')	0.854379917359178	0.9024890978166129
('dual', 'sham')	0.3735636302005748	0.9024890978166129
