comparison	uncorrected_p-value	FDR-corrected_p-value
('preSMA', 'sham')	0.5857471456919561	0.9611470608897135
('IFG', 'sham')	0.5281125593772993	0.9611470608897135
('dual', 'sham')	0.5368666824901693	0.9611470608897135
('IFG', 'preSMA')	0.9156663698341962	0.9611470608897135
('dual', 'preSMA')	0.9611470608897135	0.9611470608897135
('IFG', 'dual')	0.9490735066903137	0.9611470608897135
