comparison	uncorrected_p-value	FDR-corrected_p-value
('preSMA', 'sham')	0.07558381638184855	0.4535028982910913
('dual', 'sham')	0.3709318425175556	0.5563977637763334
('IFG', 'sham')	0.9159549447253793	0.9159549447253793
('dual', 'preSMA')	0.335067049922545	0.5563977637763334
('IFG', 'preSMA')	0.18453005173598377	0.5535901552079514
('IFG', 'dual')	0.5829540960062796	0.6995449152075355
