comparison	uncorrected_p-value	FDR-corrected_p-value
('IFG', 'preSMA')	0.6091113858159791	0.8911157500283777
('IFG', 'sham')	0.5693695687493598	0.8911157500283777
('IFG', 'dual')	0.9119942624191295	0.9119942624191295
('preSMA', 'sham')	0.19753168019261616	0.8911157500283777
('dual', 'preSMA')	0.7425964583569815	0.8911157500283777
('dual', 'sham')	0.55279330906152	0.8911157500283777
