comparison	uncorrected_p-value	FDR-corrected_p-value
('IFG', 'preSMA')	0.8516804112078789	0.9687637761473934
('IFG', 'sham')	0.6063439241668078	0.9687637761473934
('IFG', 'dual')	0.8658420200027056	0.9687637761473934
('preSMA', 'sham')	0.5337044007810339	0.9687637761473934
('dual', 'preSMA')	0.9687637761473934	0.9687637761473934
('dual', 'sham')	0.47479084156038265	0.9687637761473934
