comparison	uncorrected_p-value	FDR-corrected_p-value
('preSMA', 'sham')	0.20728370937126062	0.5482235777558815
('IFG', 'sham')	0.6156373192059663	0.7639253593269305
('dual', 'sham')	0.9868324811421647	0.9868324811421647
('IFG', 'preSMA')	0.1677899575463601	0.5482235777558815
('dual', 'preSMA')	0.27411178887794074	0.5482235777558815
('IFG', 'dual')	0.6366044661057755	0.7639253593269305
