comparison	uncorrected_p-value	FDR-corrected_p-value
('preSMA', 'sham')	0.5664100065863643	0.6796920079036372
('dual', 'preSMA')	0.3458059032968793	0.6796920079036372
('IFG', 'preSMA')	0.5258372449683602	0.6796920079036372
('dual', 'sham')	0.07890696617769878	0.4734417970661927
('IFG', 'sham')	0.25482103278796336	0.6796920079036372
('IFG', 'dual')	0.9233145973703346	0.9233145973703346
