comparison	uncorrected_p-value	FDR-corrected_p-value
('dual', 'preSMA')	0.656599759664485	0.9410318023639989
('IFG', 'dual')	0.9261904129491207	0.9410318023639989
('dual', 'sham')	0.6386222591300317	0.9410318023639989
('IFG', 'preSMA')	0.6231242095917091	0.9410318023639989
('preSMA', 'sham')	0.9410318023639989	0.9410318023639989
('IFG', 'sham')	0.6102646093231168	0.9410318023639989
