comparison	uncorrected_p-value	FDR-corrected_p-value
('IFG', 'preSMA')	0.6209072614624933	0.9857727955323772
('IFG', 'sham')	0.9429373619844332	0.9857727955323772
('IFG', 'dual')	0.9639532842881509	0.9857727955323772
('preSMA', 'sham')	0.49833978049793914	0.9857727955323772
('dual', 'preSMA')	0.6087653251856818	0.9857727955323772
('dual', 'sham')	0.9857727955323772	0.9857727955323772
