comparison	uncorrected_p-value	FDR-corrected_p-value
('IFG', 'sham')	0.23639726817454848	0.8170859957614167
('IFG', 'dual')	0.6809049964678473	0.8170859957614167
('IFG', 'preSMA')	0.5799014620292615	0.8170859957614167
('dual', 'sham')	0.529754961029664	0.8170859957614167
('preSMA', 'sham')	0.5452437146039528	0.8170859957614167
('dual', 'preSMA')	0.9455894648459748	0.9455894648459748
