comparison	uncorrected_p-value	FDR-corrected_p-value
('dual', 'preSMA')	0.32995570205895486	0.8524700339930904
('IFG', 'dual')	0.6258010215505452	0.8524700339930904
('dual', 'sham')	0.7180251426876632	0.8524700339930904
('IFG', 'preSMA')	0.6261106533923573	0.8524700339930904
('preSMA', 'sham')	0.42117050317355564	0.8524700339930904
('IFG', 'sham')	0.8524700339930904	0.8524700339930904
