comparison	uncorrected_p-value	FDR-corrected_p-value
('IFG', 'preSMA')	0.626110653392359	0.8524700275878452
('dual', 'preSMA')	0.32995570205895797	0.8524700275878452
('preSMA', 'sham')	0.421170496346439	0.8524700275878452
('IFG', 'dual')	0.6258010215505478	0.8524700275878452
('IFG', 'sham')	0.8524700275878452	0.8524700275878452
('dual', 'sham')	0.7180251476105959	0.8524700275878452
