comparison	uncorrected_p-value	FDR-corrected_p-value
('preSMA', 'sham')	0.4211705031735523	0.8524700339930869
('IFG', 'sham')	0.8524700339930869	0.8524700339930869
('dual', 'sham')	0.718025142687666	0.8524700339930869
('IFG', 'preSMA')	0.6261106533923573	0.8524700339930869
('dual', 'preSMA')	0.32995570205895486	0.8524700339930869
('IFG', 'dual')	0.6258010215505453	0.8524700339930869
