comparison	uncorrected_p-value	FDR-corrected_p-value
('IFG', 'preSMA')	0.6349930438692961	0.9171222573977555
('IFG', 'sham')	0.9694582001143888	0.9694582001143888
('IFG', 'dual')	0.764268547831463	0.9171222573977555
('preSMA', 'sham')	0.6528678221175228	0.9171222573977555
('dual', 'preSMA')	0.48391963010368666	0.9171222573977555
('dual', 'sham')	0.7358814534747238	0.9171222573977555
