comparison	uncorrected_p-value	FDR-corrected_p-value
('IFG', 'sham')	0.9283105601418598	0.9994015456100643
('preSMA', 'sham')	0.6257648646147176	0.9994015456100643
('dual', 'sham')	0.9994015456100643	0.9994015456100643
('IFG', 'preSMA')	0.7363305645370712	0.9994015456100643
('IFG', 'dual')	0.943699654978315	0.9994015456100643
('dual', 'preSMA')	0.7201001580903172	0.9994015456100643
