comparison	uncorrected_p-value	FDR-corrected_p-value
('preSMA', 'sham')	0.4211705031735542	0.8524700339930869
('dual', 'preSMA')	0.32995570205895897	0.8524700339930869
('IFG', 'preSMA')	0.626110653392359	0.8524700339930869
('dual', 'sham')	0.7180251426876705	0.8524700339930869
('IFG', 'sham')	0.8524700339930869	0.8524700339930869
('IFG', 'dual')	0.6258010215505492	0.8524700339930869
