comparison	uncorrected_p-value	FDR-corrected_p-value
('IFG', 'preSMA')	0.626110653392359	0.852470027587847
('preSMA', 'sham')	0.42117049634644066	0.852470027587847
('dual', 'preSMA')	0.3299557020589561	0.852470027587847
('IFG', 'sham')	0.852470027587847	0.852470027587847
('IFG', 'dual')	0.6258010215505453	0.852470027587847
('dual', 'sham')	0.7180251476105913	0.852470027587847
