comparison	uncorrected_p-value	FDR-corrected_p-value
('IFG', 'sham')	0.2548210392425827	0.6796920278177683
('preSMA', 'sham')	0.5664100231814736	0.6796920278177683
('dual', 'sham')	0.07890696772289052	0.4734418063373431
('IFG', 'preSMA')	0.5258372449683624	0.6796920278177683
('IFG', 'dual')	0.9233145973703318	0.9233145973703318
('dual', 'preSMA')	0.3458059032968793	0.6796920278177683
