comparison	uncorrected_p-value	FDR-corrected_p-value
('IFG', 'preSMA')	0.6399526481339137	0.8255754260097024
('IFG', 'sham')	0.23984999709770502	0.8255754260097024
('IFG', 'dual')	0.687979521674752	0.8255754260097024
('preSMA', 'sham')	0.4635224644205257	0.8255754260097024
('dual', 'preSMA')	0.9557376719260877	0.9557376719260877
('dual', 'sham')	0.4375130332819702	0.8255754260097024
