comparison	uncorrected_p-value	FDR-corrected_p-value
('IFG', 'sham')	0.040572223066865136	0.24343333840119083
('preSMA', 'sham')	0.3240221521685338	0.6480443043370676
('dual', 'sham')	0.6707288842948567	0.6707288842948567
('IFG', 'preSMA')	0.5579750444010658	0.6695700532812789
('IFG', 'dual')	0.08839672063769452	0.2651901619130836
('dual', 'preSMA')	0.48724243713908033	0.6695700532812789
