comparison	uncorrected_p-value	FDR-corrected_p-value
('IFG', 'preSMA')	0.7109285719466389	0.7109285719466389
('IFG', 'sham')	0.07721365500941357	0.37231006718820564
('IFG', 'dual')	0.18615503359410282	0.37231006718820564
('preSMA', 'sham')	0.18366296357496334	0.37231006718820564
('dual', 'preSMA')	0.37007965897328265	0.555119488459924
('dual', 'sham')	0.6230739272404522	0.7109285719466389
