comparison	uncorrected_p-value	FDR-corrected_p-value
('preSMA', 'sham')	0.4983397828204389	0.985772805260682
('dual', 'sham')	0.985772805260682	0.985772805260682
('IFG', 'sham')	0.9429373950753096	0.985772805260682
('dual', 'preSMA')	0.6087653258618584	0.985772805260682
('IFG', 'preSMA')	0.6209072380807577	0.985772805260682
('IFG', 'dual')	0.9639533043104096	0.985772805260682
