comparison	uncorrected_p-value	FDR-corrected_p-value
('preSMA', 'sham')	0.18366298251556568	0.3723100207508982
('dual', 'sham')	0.623073902149845	0.7109284489861631
('IFG', 'sham')	0.0772136517904635	0.3723100207508982
('dual', 'preSMA')	0.3700796883647789	0.5551195325471684
('IFG', 'preSMA')	0.7109284489861631	0.7109284489861631
('IFG', 'dual')	0.1861550103754491	0.3723100207508982
