comparison	uncorrected_p-value	FDR-corrected_p-value
('IFG', 'preSMA')	0.5258372449683602	0.6796920278177683
('preSMA', 'sham')	0.5664100231814736	0.6796920278177683
('dual', 'preSMA')	0.3458059032968793	0.6796920278177683
('IFG', 'sham')	0.2548210392425814	0.6796920278177683
('IFG', 'dual')	0.9233145973703346	0.9233145973703346
('dual', 'sham')	0.07890696772289052	0.4734418063373431
