comparison	uncorrected_p-value	FDR-corrected_p-value
('preSMA', 'sham')	0.2927040611174635	0.7169466408627136
('IFG', 'sham')	0.1196341195192147	0.7169466408627136
('dual', 'sham')	0.3584733204313568	0.7169466408627136
('IFG', 'preSMA')	0.7740079639734219	0.8716580290840746
('dual', 'preSMA')	0.8716580290840746	0.8716580290840746
('IFG', 'dual')	0.6226913570842647	0.8716580290840746
