comparison	uncorrected_p-value	FDR-corrected_p-value
('preSMA', 'sham')	0.3158469488947172	0.6932416723429149
('IFG', 'sham')	0.16846844591487228	0.6932416723429149
('dual', 'sham')	0.46626957640881894	0.6932416723429149
('IFG', 'preSMA')	0.5777013936190958	0.6932416723429149
('dual', 'preSMA')	0.8326850218796642	0.8326850218796642
('IFG', 'dual')	0.4802318681348713	0.6932416723429149
