comparison	uncorrected_p-value	FDR-corrected_p-value
('preSMA', 'sham')	0.7118873949667653	0.8542648739601184
('dual', 'preSMA')	0.5336570378838952	0.8004855568258428
('IFG', 'preSMA')	0.21849280619469838	0.6554784185840952
('dual', 'sham')	0.4091188687632362	0.8004855568258428
('IFG', 'sham')	0.18766987086960316	0.6554784185840952
('IFG', 'dual')	0.8696940421785464	0.8696940421785464
