comparison	uncorrected_p-value	FDR-corrected_p-value
('IFG', 'sham')	0.12965748821740386	0.35235854323403537
('preSMA', 'sham')	0.8231700211777058	0.9006580644325362
('dual', 'sham')	0.7208269913626655	0.9006580644325362
('IFG', 'preSMA')	0.17617927161701769	0.35235854323403537
('IFG', 'dual')	0.17394837931045476	0.35235854323403537
('dual', 'preSMA')	0.9006580644325362	0.9006580644325362
