comparison	uncorrected_p-value	FDR-corrected_p-value
('preSMA', 'sham')	0.6173975067138391	0.9408000949747873
('IFG', 'sham')	0.7840000791456562	0.9408000949747873
('dual', 'sham')	0.7768815735234738	0.9408000949747873
('IFG', 'preSMA')	0.5018918492009955	0.9408000949747873
('dual', 'preSMA')	0.5331011268130224	0.9408000949747873
('IFG', 'dual')	0.9693400311126437	0.9693400311126437
