comparison	uncorrected_p-value	FDR-corrected_p-value
('IFG', 'sham')	0.23984999709770266	0.8255754260097024
('IFG', 'dual')	0.687979521674752	0.8255754260097024
('IFG', 'preSMA')	0.6399526481339136	0.8255754260097024
('dual', 'sham')	0.437513033281967	0.8255754260097024
('preSMA', 'sham')	0.46352246442052236	0.8255754260097024
('dual', 'preSMA')	0.9557376719260877	0.9557376719260877
