comparison	uncorrected_p-value	FDR-corrected_p-value
('IFG', 'sham')	0.9694582001143888	0.9694582001143888
('IFG', 'dual')	0.7642685478314664	0.9171222573977595
('IFG', 'preSMA')	0.6349930438692961	0.9171222573977595
('dual', 'sham')	0.735881453474727	0.9171222573977595
('preSMA', 'sham')	0.6528678221175228	0.9171222573977595
('dual', 'preSMA')	0.48391963010368955	0.9171222573977595
