comparison	uncorrected_p-value	FDR-corrected_p-value
('IFG', 'preSMA')	0.689015735445901	0.9084443553686095
('IFG', 'sham')	0.3372152991153198	0.9084443553686095
('IFG', 'dual')	0.6594242063024869	0.9084443553686095
('preSMA', 'sham')	0.6341047139437912	0.9084443553686095
('dual', 'preSMA')	0.9188316252178259	0.9188316252178259
('dual', 'sham')	0.7570369628071746	0.9084443553686095
