comparison	uncorrected_p-value	FDR-corrected_p-value
('preSMA', 'sham')	0.7243749298580433	0.9481689754111572
('IFG', 'sham')	0.2570633135886771	0.9481689754111572
('dual', 'sham')	0.790140812842631	0.9481689754111572
('IFG', 'preSMA')	0.344012854137546	0.9481689754111572
('dual', 'preSMA')	0.9890252559841213	0.9890252559841213
('IFG', 'dual')	0.516982164254523	0.9481689754111572
