comparison	uncorrected_p-value	FDR-corrected_p-value
('IFG', 'preSMA')	0.7734686245365604	0.7734686245365604
('IFG', 'sham')	0.4730454816678261	0.7099395346999509
('IFG', 'dual')	0.08038619621114278	0.3249318061085483
('preSMA', 'sham')	0.5916162789166257	0.7099395346999509
('dual', 'preSMA')	0.10831060203618277	0.3249318061085483
('dual', 'sham')	0.4940716139306889	0.7099395346999509
