comparison	uncorrected_p-value	FDR-corrected_p-value
('preSMA', 'sham')	0.8635905398028244	0.9775510470386586
('dual', 'sham')	0.5764318245388909	0.9775510470386586
('IFG', 'sham')	0.8951552311088224	0.9775510470386586
('dual', 'preSMA')	0.428664438397919	0.9775510470386586
('IFG', 'preSMA')	0.9775510470386586	0.9775510470386586
('IFG', 'dual')	0.4869718036525088	0.9775510470386586
