comparison	uncorrected_p-value	FDR-corrected_p-value
('IFG', 'preSMA')	0.6898265343292264	0.6898265343292264
('dual', 'preSMA')	0.054279276759436806	0.16283783027831042
('preSMA', 'sham')	0.5191554039855282	0.6229864847826337
('IFG', 'dual')	0.026777030882773632	0.1606621852966418
('IFG', 'sham')	0.36173332562648364	0.5999164083235716
('dual', 'sham')	0.3999442722157144	0.5999164083235716
