comparison	uncorrected_p-value	FDR-corrected_p-value
('dual', 'preSMA')	0.9890252559841213	0.9890252559841213
('IFG', 'dual')	0.5169821642545247	0.9481689754111572
('dual', 'sham')	0.790140812842631	0.9481689754111572
('IFG', 'preSMA')	0.3440128541375479	0.9481689754111572
('preSMA', 'sham')	0.7243749298580433	0.9481689754111572
('IFG', 'sham')	0.2570633135886782	0.9481689754111572
