comparison	uncorrected_p-value	FDR-corrected_p-value
('preSMA', 'sham')	0.714802546206265	0.8721784310931319
('dual', 'preSMA')	0.32755998625306293	0.6551199725061259
('IFG', 'preSMA')	0.8625744694591633	0.8721784310931319
('dual', 'sham')	0.2104317234978506	0.6551199725061259
('IFG', 'sham')	0.8721784310931319	0.8721784310931319
('IFG', 'dual')	0.32664357702581437	0.6551199725061259
