comparison	uncorrected_p-value	FDR-corrected_p-value
('preSMA', 'sham')	0.5191554039855297	0.6229864847826356
('IFG', 'sham')	0.36173332562648364	0.5999164083235737
('dual', 'sham')	0.3999442722157158	0.5999164083235737
('IFG', 'preSMA')	0.6898265343292238	0.6898265343292238
('dual', 'preSMA')	0.05427927675943742	0.16283783027831225
('IFG', 'dual')	0.026777030882773833	0.160662185296643
