comparison	uncorrected_p-value	FDR-corrected_p-value
('IFG', 'sham')	0.7370969550448798	0.849018782713088
('preSMA', 'sham')	0.842134756036933	0.849018782713088
('dual', 'sham')	0.24635848590164997	0.49271697180329993
('IFG', 'preSMA')	0.849018782713088	0.849018782713088
('IFG', 'dual')	0.03369521422928304	0.1678494464225264
('dual', 'preSMA')	0.055949815474175456	0.1678494464225264
