comparison	uncorrected_p-value	FDR-corrected_p-value
('IFG', 'sham')	0.36173332562648364	0.5999164083235737
('preSMA', 'sham')	0.5191554039855282	0.6229864847826337
('dual', 'sham')	0.3999442722157158	0.5999164083235737
('IFG', 'preSMA')	0.6898265343292264	0.6898265343292264
('IFG', 'dual')	0.026777030882773833	0.160662185296643
('dual', 'preSMA')	0.05427927675943716	0.1628378302783115
