comparison	uncorrected_p-value	FDR-corrected_p-value
('IFG', 'sham')	0.3372152991153171	0.9084443553686041
('IFG', 'dual')	0.6594242063024884	0.9084443553686041
('IFG', 'preSMA')	0.689015735445901	0.9084443553686041
('dual', 'sham')	0.7570369628071701	0.9084443553686041
('preSMA', 'sham')	0.6341047139437881	0.9084443553686041
('dual', 'preSMA')	0.9188316252178275	0.9188316252178275
