comparison	uncorrected_p-value	FDR-corrected_p-value
('IFG', 'sham')	0.7734859197495291	0.9126114013142979
('preSMA', 'sham')	0.5463356388674157	0.9126114013142979
('dual', 'sham')	0.8857359107464682	0.9126114013142979
('IFG', 'preSMA')	0.82552077667345	0.9126114013142979
('IFG', 'dual')	0.9126114013142979	0.9126114013142979
('dual', 'preSMA')	0.7457396721014395	0.9126114013142979
