comparison	uncorrected_p-value	FDR-corrected_p-value
('IFG', 'preSMA')	0.9775510593026246	0.9775510593026246
('IFG', 'sham')	0.8951552137152913	0.9775510593026246
('IFG', 'dual')	0.4869717900280751	0.9775510593026246
('preSMA', 'sham')	0.8635905326070354	0.9775510593026246
('dual', 'preSMA')	0.42866443238526697	0.9775510593026246
('dual', 'sham')	0.5764318237909154	0.9775510593026246
