comparison	uncorrected_p-value	FDR-corrected_p-value
('IFG', 'sham')	0.9752547346544171	0.9752547346544171
('preSMA', 'sham')	0.8808281103877312	0.9752547346544171
('dual', 'sham')	0.2805996356725522	0.5611992713451044
('IFG', 'preSMA')	0.825600415624656	0.9752547346544171
('IFG', 'dual')	0.21267855693838694	0.5611992713451044
('dual', 'preSMA')	0.22338628569626368	0.5611992713451044
