comparison	uncorrected_p-value	FDR-corrected_p-value
('IFG', 'preSMA')	0.6395866243766597	0.8965290851338018
('IFG', 'sham')	0.8965290851338018	0.8965290851338018
('IFG', 'dual')	0.33227243291928366	0.8965290851338018
('preSMA', 'sham')	0.7617523527859864	0.8965290851338018
('dual', 'preSMA')	0.49695734370501843	0.8965290851338018
('dual', 'sham')	0.4150900678396985	0.8965290851338018
