comparison	uncorrected_p-value	FDR-corrected_p-value
('IFG', 'sham')	0.48818789092198556	0.6723714256439203
('preSMA', 'sham')	0.5603095213699336	0.6723714256439203
('dual', 'sham')	0.11889393119836317	0.6389259561816986
('IFG', 'preSMA')	0.9157721829540706	0.9157721829540706
('IFG', 'dual')	0.3194629780908493	0.6389259561816986
('dual', 'preSMA')	0.28509865015186464	0.6389259561816986
