comparison	uncorrected_p-value	FDR-corrected_p-value
('IFG', 'sham')	0.2570633135886771	0.9481689754111553
('preSMA', 'sham')	0.7243749298580414	0.9481689754111553
('dual', 'sham')	0.7901408128426295	0.9481689754111553
('IFG', 'preSMA')	0.3440128541375479	0.9481689754111553
('IFG', 'dual')	0.5169821642545247	0.9481689754111553
('dual', 'preSMA')	0.9890252559841213	0.9890252559841213
