comparison	uncorrected_p-value	FDR-corrected_p-value
('IFG', 'preSMA')	0.9261239281125502	0.9261239281125502
('IFG', 'sham')	0.7714511826824411	0.9261239281125502
('IFG', 'dual')	0.2882769245096859	0.5765538490193718
('preSMA', 'sham')	0.7976500581007809	0.9261239281125502
('dual', 'preSMA')	0.1086110484757387	0.5765538490193718
('dual', 'sham')	0.1928348062117687	0.5765538490193718
