comparison	uncorrected_p-value	FDR-corrected_p-value
('preSMA', 'sham')	0.6446248399122163	0.8211372864033645
('IFG', 'sham')	0.9447178252337962	0.9447178252337962
('dual', 'sham')	0.20532417123021454	0.5973278193767784
('IFG', 'preSMA')	0.6842810720028037	0.8211372864033645
('dual', 'preSMA')	0.2986639096883892	0.5973278193767784
('IFG', 'dual')	0.20376083053286498	0.5973278193767784
