comparison	uncorrected_p-value	FDR-corrected_p-value
('preSMA', 'sham')	0.7243749298580433	0.9481689754111591
('dual', 'preSMA')	0.9890252559841195	0.9890252559841195
('IFG', 'preSMA')	0.344012854137546	0.9481689754111591
('dual', 'sham')	0.7901408128426326	0.9481689754111591
('IFG', 'sham')	0.2570633135886771	0.9481689754111591
('IFG', 'dual')	0.5169821642545215	0.9481689754111591
