comparison	uncorrected_p-value	FDR-corrected_p-value
('preSMA', 'sham')	0.5191554039855297	0.6229864847826356
('dual', 'preSMA')	0.05427927675943716	0.1628378302783115
('IFG', 'preSMA')	0.6898265343292238	0.6898265343292238
('dual', 'sham')	0.3999442722157144	0.5999164083235716
('IFG', 'sham')	0.36173332562648364	0.5999164083235716
('IFG', 'dual')	0.026777030882773632	0.1606621852966418
