comparison	uncorrected_p-value	FDR-corrected_p-value
('IFG', 'preSMA')	0.8401699573579102	0.9459304326038247
('IFG', 'sham')	0.9459304326038247	0.9459304326038247
('IFG', 'dual')	0.6403455251229799	0.9459304326038247
('preSMA', 'sham')	0.8455921674909392	0.9459304326038247
('dual', 'preSMA')	0.39691064092665274	0.9459304326038247
('dual', 'sham')	0.47575626384881187	0.9459304326038247
