comparison	uncorrected_p-value	FDR-corrected_p-value
('preSMA', 'sham')	0.5812697326403355	0.8712967441041277
('IFG', 'sham')	0.16740433435767768	0.8712967441041277
('dual', 'sham')	0.5494512001360643	0.8712967441041277
('IFG', 'preSMA')	0.5369322452802621	0.8712967441041277
('dual', 'preSMA')	0.9022026862504847	0.9022026862504847
('IFG', 'dual')	0.7260806200867731	0.8712967441041277
