comparison	uncorrected_p-value	FDR-corrected_p-value
('IFG', 'preSMA')	0.3440128541375479	0.9481689754111591
('preSMA', 'sham')	0.7243749298580433	0.9481689754111591
('dual', 'preSMA')	0.9890252559841195	0.9890252559841195
('IFG', 'sham')	0.2570633135886782	0.9481689754111591
('IFG', 'dual')	0.516982164254523	0.9481689754111591
('dual', 'sham')	0.7901408128426326	0.9481689754111591
