comparison	uncorrected_p-value	FDR-corrected_p-value
('preSMA', 'sham')	0.5256666143460207	0.7330875901190772
('IFG', 'sham')	0.35402645545332945	0.7080529109066589
('dual', 'sham')	0.7330875901190772	0.7330875901190772
('IFG', 'preSMA')	0.6756199103702444	0.7330875901190772
('dual', 'preSMA')	0.23459492440302224	0.7037847732090667
('IFG', 'dual')	0.12207549795689186	0.7037847732090667
