comparison	uncorrected_p-value	FDR-corrected_p-value
('IFG', 'preSMA')	0.853879915561878	0.853879915561878
('IFG', 'sham')	0.7050732352000919	0.8460878822401102
('IFG', 'dual')	0.36245508578285446	0.8460878822401102
('preSMA', 'sham')	0.6196953535753169	0.8460878822401102
('dual', 'preSMA')	0.5330846779776276	0.8460878822401102
('dual', 'sham')	0.3206390958110968	0.8460878822401102
