comparison	uncorrected_p-value	FDR-corrected_p-value
('IFG', 'preSMA')	0.40283470379117736	0.6042520556867661
('IFG', 'sham')	0.8329617847248552	0.889372324897719
('IFG', 'dual')	0.22870810459209898	0.6042520556867661
('preSMA', 'sham')	0.37800267308074054	0.6042520556867661
('dual', 'preSMA')	0.889372324897719	0.889372324897719
('dual', 'sham')	0.24642924639417738	0.6042520556867661
