comparison	uncorrected_p-value	FDR-corrected_p-value
('dual', 'preSMA')	0.6277979218681866	0.8413450140565024
('IFG', 'dual')	0.6736959995244536	0.8413450140565024
('dual', 'sham')	0.7705052006917422	0.8413450140565024
('IFG', 'preSMA')	0.32029296275079083	0.8413450140565024
('preSMA', 'sham')	0.8413450140565024	0.8413450140565024
('IFG', 'sham')	0.44518255967228093	0.8413450140565024
