comparison	uncorrected_p-value	FDR-corrected_p-value
('IFG', 'preSMA')	0.5146214632688445	0.8245457110142318
('dual', 'preSMA')	0.8127096435730667	0.8925240523438254
('preSMA', 'sham')	0.5496971406761545	0.8245457110142318
('IFG', 'dual')	0.07905461893535293	0.47432771361211756
('IFG', 'sham')	0.8925240523438254	0.8925240523438254
('dual', 'sham')	0.29590779166408965	0.8245457110142318
