comparison	uncorrected_p-value	FDR-corrected_p-value
('IFG', 'preSMA')	0.32029296275079083	0.8413450140565051
('dual', 'preSMA')	0.6277979218681867	0.8413450140565051
('preSMA', 'sham')	0.8413450140565051	0.8413450140565051
('IFG', 'dual')	0.6736959995244536	0.8413450140565051
('IFG', 'sham')	0.44518255967227915	0.8413450140565051
('dual', 'sham')	0.7705052006917401	0.8413450140565051
