comparison	uncorrected_p-value	FDR-corrected_p-value
('preSMA', 'sham')	0.497856793066877	0.8681719324683634
('IFG', 'sham')	0.7626576311949003	0.8681719324683634
('dual', 'sham')	0.580342987252042	0.8681719324683634
('IFG', 'preSMA')	0.5926154985107221	0.8681719324683634
('dual', 'preSMA')	0.8681719324683634	0.8681719324683634
('IFG', 'dual')	0.705485600605106	0.8681719324683634
