comparison	uncorrected_p-value	FDR-corrected_p-value
('IFG', 'preSMA')	0.3854500703060241	0.8492933930328798
('IFG', 'sham')	0.6257515774275908	0.8492933930328798
('IFG', 'dual')	0.9534485450144461	0.9534485450144461
('preSMA', 'sham')	0.7077444941940665	0.8492933930328798
('dual', 'preSMA')	0.39131402787251957	0.8492933930328798
('dual', 'sham')	0.6081229596757621	0.8492933930328798
