comparison	uncorrected_p-value	FDR-corrected_p-value
('IFG', 'preSMA')	0.5737153642038433	0.8605730463057649
('IFG', 'sham')	0.24437224948709974	0.7723331247528158
('IFG', 'dual')	0.7371698423129585	0.875742641268079
('preSMA', 'sham')	0.304005336949696	0.7723331247528158
('dual', 'preSMA')	0.875742641268079	0.875742641268079
('dual', 'sham')	0.3861665623764079	0.7723331247528158
