comparison	uncorrected_p-value	FDR-corrected_p-value
('preSMA', 'sham')	0.654147579409311	0.9261612439382676
('IFG', 'sham')	0.3066675602711942	0.9261612439382676
('dual', 'sham')	0.771801036615223	0.9261612439382676
('IFG', 'preSMA')	0.36433635190504765	0.9261612439382676
('dual', 'preSMA')	0.9984351713427995	0.9984351713427995
('IFG', 'dual')	0.5091315262251885	0.9261612439382676
