comparison	uncorrected_p-value	FDR-corrected_p-value	averages
['sham', 'dual']	0.2011	0.30165000000000003	[14.333, 12.0]
['sham', 'IFG']	0.3662	0.3662	[14.333, 13.333]
['sham', 'preSMA']	0.1944	0.30165000000000003	[14.333, 12.667]
