comparison	uncorrected_p-value	FDR-corrected_p-value
('IFG', 'sham')	0.513705875387309	0.8093232946130311
('IFG', 'dual')	0.8093232946130311	0.8093232946130311
('IFG', 'preSMA')	0.6681767316238453	0.8093232946130311
('dual', 'sham')	0.5283822487158615	0.8093232946130311
('preSMA', 'sham')	0.6462579645396742	0.8093232946130311
('dual', 'preSMA')	0.7769148501504719	0.8093232946130311
