comparison	uncorrected_p-value	FDR-corrected_p-value
('IFG', 'sham')	0.24437224948709974	0.7723331247528158
('IFG', 'dual')	0.7371698423129585	0.8757426412680762
('IFG', 'preSMA')	0.5737153642038408	0.8605730463057613
('dual', 'sham')	0.3861665623764079	0.7723331247528158
('preSMA', 'sham')	0.30400533694969784	0.7723331247528158
('dual', 'preSMA')	0.8757426412680762	0.8757426412680762
