comparison	uncorrected_p-value	FDR-corrected_p-value
('IFG', 'preSMA')	0.3202929627507922	0.8413450140565051
('preSMA', 'sham')	0.8413450140565051	0.8413450140565051
('dual', 'preSMA')	0.6277979218681823	0.8413450140565051
('IFG', 'sham')	0.44518255967228093	0.8413450140565051
('IFG', 'dual')	0.6736959995244595	0.8413450140565051
('dual', 'sham')	0.7705052006917357	0.8413450140565051
