comparison	uncorrected_p-value	FDR-corrected_p-value
('preSMA', 'sham')	0.6046599442533788	0.7858624142563068
('IFG', 'sham')	0.4597146952227159	0.7858624142563068
('dual', 'sham')	0.33208939967042284	0.7858624142563068
('IFG', 'preSMA')	0.654885345213589	0.7858624142563068
('dual', 'preSMA')	0.5527388731075372	0.7858624142563068
('IFG', 'dual')	0.9300482924844712	0.9300482924844712
