comparison	uncorrected_p-value	FDR-corrected_p-value
('preSMA', 'sham')	0.5496971406761545	0.8245457110142318
('dual', 'preSMA')	0.8127096435730689	0.8925240523438279
('IFG', 'preSMA')	0.5146214632688427	0.8245457110142318
('dual', 'sham')	0.29590779166409115	0.8245457110142318
('IFG', 'sham')	0.8925240523438279	0.8925240523438279
('IFG', 'dual')	0.07905461893535293	0.47432771361211756
