comparison	uncorrected_p-value	FDR-corrected_p-value
('IFG', 'sham')	0.8329617847248552	0.8893723248977169
('IFG', 'dual')	0.22870810459209898	0.6042520556867684
('IFG', 'preSMA')	0.4028347037911789	0.6042520556867684
('dual', 'sham')	0.24642924639417763	0.6042520556867684
('preSMA', 'sham')	0.37800267308074176	0.6042520556867684
('dual', 'preSMA')	0.8893723248977169	0.8893723248977169
