comparison	uncorrected_p-value	FDR-corrected_p-value
('IFG', 'preSMA')	1.0	1.0
('IFG', 'sham')	0.5475111478461284	0.9858605234283906
('IFG', 'dual')	0.8215504361903255	0.9858605234283906
('preSMA', 'sham')	0.3570595744348909	0.9858605234283906
('dual', 'preSMA')	0.7180943191513729	0.9858605234283906
('dual', 'sham')	0.31856414201587335	0.9858605234283906
