comparison	uncorrected_p-value	FDR-corrected_p-value
('IFG', 'sham')	0.8822067741966679	0.8822067741966679
('preSMA', 'sham')	0.6073501916566307	0.8055625098906684
('dual', 'sham')	0.3386045557037036	0.7930042898203022
('IFG', 'preSMA')	0.3965021449101511	0.7930042898203022
('IFG', 'dual')	0.08229787536963974	0.4937872522178385
('dual', 'preSMA')	0.671302091575557	0.8055625098906684
