comparison	uncorrected_p-value	FDR-corrected_p-value
('dual', 'preSMA')	0.8127096435730667	0.8925240523438279
('IFG', 'dual')	0.07905461893535293	0.47432771361211756
('dual', 'sham')	0.29590779166409115	0.8245457110142338
('IFG', 'preSMA')	0.5146214632688444	0.8245457110142338
('preSMA', 'sham')	0.5496971406761558	0.8245457110142338
('IFG', 'sham')	0.8925240523438279	0.8925240523438279
