comparison	uncorrected_p-value	FDR-corrected_p-value
('IFG', 'sham')	0.8596001876676598	0.8596001876676598
('preSMA', 'sham')	0.686827284967339	0.8409458051201182
('dual', 'sham')	0.5756545339152304	0.8409458051201182
('IFG', 'preSMA')	0.5562717534961276	0.8409458051201182
('IFG', 'dual')	0.7007881709334318	0.8409458051201182
('dual', 'preSMA')	0.32618542023944896	0.8409458051201182
