comparison	uncorrected_p-value	FDR-corrected_p-value
('preSMA', 'sham')	0.7077445074743857	0.8492934089692628
('dual', 'sham')	0.6081229380829828	0.8492934089692628
('IFG', 'sham')	0.6257515595713302	0.8492934089692628
('dual', 'preSMA')	0.3913140176219293	0.8492934089692628
('IFG', 'preSMA')	0.3854500635434155	0.8492934089692628
('IFG', 'dual')	0.9534485386049303	0.9534485386049303
