comparison	uncorrected_p-value	FDR-corrected_p-value
('IFG', 'preSMA')	0.5146214632688426	0.8245457110142295
('preSMA', 'sham')	0.5496971406761529	0.8245457110142295
('dual', 'preSMA')	0.8127096435730689	0.8925240523438254
('IFG', 'sham')	0.8925240523438254	0.8925240523438254
('IFG', 'dual')	0.07905461893535293	0.47432771361211756
('dual', 'sham')	0.29590779166408965	0.8245457110142295
