comparison	uncorrected_p-value	FDR-corrected_p-value
('IFG', 'sham')	0.8925240523438254	0.8925240523438254
('preSMA', 'sham')	0.5496971406761545	0.8245457110142318
('dual', 'sham')	0.2959077916640871	0.8245457110142318
('IFG', 'preSMA')	0.5146214632688445	0.8245457110142318
('IFG', 'dual')	0.07905461893535125	0.4743277136121075
('dual', 'preSMA')	0.8127096435730624	0.8925240523438254
