comparison	uncorrected_p-value	FDR-corrected_p-value
('preSMA', 'sham')	0.8718095066538674	0.9593925305030251
('IFG', 'sham')	0.7783045662577702	0.9593925305030251
('dual', 'sham')	0.7953757230825858	0.9593925305030251
('IFG', 'preSMA')	0.9360609864644776	0.9593925305030251
('dual', 'preSMA')	0.911447888039099	0.9593925305030251
('IFG', 'dual')	0.9593925305030251	0.9593925305030251
