comparison	uncorrected_p-value	FDR-corrected_p-value
('IFG', 'preSMA')	0.6215495797701612	0.8511737713305259
('IFG', 'sham')	0.7295892436135277	0.8511737713305259
('IFG', 'dual')	0.7837701521423195	0.8511737713305259
('preSMA', 'sham')	0.4483796763578617	0.8511737713305259
('dual', 'preSMA')	0.8511737713305259	0.8511737713305259
('dual', 'sham')	0.5868329554117401	0.8511737713305259
