comparison	uncorrected_p-value	FDR-corrected_p-value
('IFG', 'sham')	0.7783045662577734	0.9593925305030251
('preSMA', 'sham')	0.8718095066538674	0.9593925305030251
('dual', 'sham')	0.7953757230825882	0.9593925305030251
('IFG', 'preSMA')	0.9360609864644804	0.9593925305030251
('IFG', 'dual')	0.9593925305030251	0.9593925305030251
('dual', 'preSMA')	0.9114478880391013	0.9593925305030251
