comparison	uncorrected_p-value	FDR-corrected_p-value
('IFG', 'preSMA')	0.4470506397505617	0.8704448811445401
('preSMA', 'sham')	0.7812968444799957	0.8704448811445401
('dual', 'preSMA')	0.4316252424763036	0.8704448811445401
('IFG', 'sham')	0.5893935708661379	0.8704448811445401
('IFG', 'dual')	0.8704448811445401	0.8704448811445401
('dual', 'sham')	0.6156907540951768	0.8704448811445401
