comparison	uncorrected_p-value	FDR-corrected_p-value
('preSMA', 'sham')	0.7258244476621083	0.90222197313878
('IFG', 'sham')	0.3818194786540471	0.90222197313878
('dual', 'sham')	0.6438606002868295	0.90222197313878
('IFG', 'preSMA')	0.7306000298834858	0.90222197313878
('dual', 'preSMA')	0.90222197313878	0.90222197313878
('IFG', 'dual')	0.8579163448914663	0.90222197313878
