comparison	uncorrected_p-value	FDR-corrected_p-value
('preSMA', 'sham')	0.5730938598171423	0.947466901761352
('IFG', 'sham')	0.947466901761352	0.947466901761352
('dual', 'sham')	0.9411523767102794	0.947466901761352
('IFG', 'preSMA')	0.604234275217933	0.947466901761352
('dual', 'preSMA')	0.3885090582410956	0.947466901761352
('IFG', 'dual')	0.870606157032668	0.947466901761352
