comparison	uncorrected_p-value	FDR-corrected_p-value
('IFG', 'preSMA')	0.7253252078740348	0.8930967125145179
('IFG', 'sham')	0.6348404524792383	0.8930967125145179
('IFG', 'dual')	0.7882078241318297	0.8930967125145179
('preSMA', 'sham')	0.8930967125145179	0.8930967125145179
('dual', 'preSMA')	0.8519035458906071	0.8930967125145179
('dual', 'sham')	0.6742791879904418	0.8930967125145179
