comparison	uncorrected_p-value	FDR-corrected_p-value
('IFG', 'sham')	0.6322396866490363	0.9355668091844407
('preSMA', 'sham')	0.7188307372630842	0.9355668091844407
('dual', 'sham')	0.484804118874404	0.9355668091844407
('IFG', 'preSMA')	0.8366727815483316	0.9355668091844407
('IFG', 'dual')	0.8513602685554921	0.9355668091844407
('dual', 'preSMA')	0.9355668091844407	0.9355668091844407
