comparison	uncorrected_p-value	FDR-corrected_p-value
('IFG', 'preSMA')	0.7981442048948135	0.9876079408045669
('IFG', 'sham')	0.7452018084230072	0.9876079408045669
('IFG', 'dual')	0.9284339202744406	0.9876079408045669
('preSMA', 'sham')	0.9876079408045669	0.9876079408045669
('dual', 'preSMA')	0.9109564513745728	0.9876079408045669
('dual', 'sham')	0.891770086599609	0.9876079408045669
