comparison	uncorrected_p-value	FDR-corrected_p-value
('IFG', 'preSMA')	0.8293803350773283	0.9098002707331874
('IFG', 'sham')	0.9098002707331874	0.9098002707331874
('IFG', 'dual')	0.8076021000526161	0.9098002707331874
('preSMA', 'sham')	0.8933747296244083	0.9098002707331874
('dual', 'preSMA')	0.6096216882730208	0.9098002707331874
('dual', 'sham')	0.6661926524351415	0.9098002707331874
