comparison	uncorrected_p-value	FDR-corrected_p-value
('IFG', 'preSMA')	0.7099916085874273	0.9393773230207316
('IFG', 'sham')	0.706151231089246	0.9393773230207316
('IFG', 'dual')	0.8919760811394204	0.9393773230207316
('preSMA', 'sham')	0.9393773230207316	0.9393773230207316
('dual', 'preSMA')	0.8659902094494366	0.9393773230207316
('dual', 'sham')	0.8968617764707802	0.9393773230207316
