comparison	uncorrected_p-value	FDR-corrected_p-value
('IFG', 'preSMA')	0.4470506397505627	0.87044488114454
('dual', 'preSMA')	0.43162524247630496	0.87044488114454
('preSMA', 'sham')	0.7812968444799975	0.87044488114454
('IFG', 'dual')	0.87044488114454	0.87044488114454
('IFG', 'sham')	0.5893935708661379	0.87044488114454
('dual', 'sham')	0.6156907540951768	0.87044488114454
