comparison	uncorrected_p-value	FDR-corrected_p-value
('IFG', 'sham')	0.8516027949611094	0.8516027949611094
('preSMA', 'sham')	0.5230668968905978	0.8516027949611094
('dual', 'sham')	0.3924496085720268	0.8516027949611094
('IFG', 'preSMA')	0.6395866243766597	0.8516027949611094
('IFG', 'dual')	0.48313997154399535	0.8516027949611094
('dual', 'preSMA')	0.7956448217914817	0.8516027949611094
