comparison	uncorrected_p-value	FDR-corrected_p-value
('IFG', 'sham')	0.20843857310081723	0.6253157193024518
('IFG', 'dual')	0.6659721470636002	0.7919461723105523
('IFG', 'preSMA')	0.7919461723105523	0.7919461723105523
('dual', 'sham')	0.5064694126793854	0.7597041190190781
('preSMA', 'sham')	0.07872613754757317	0.47235682528543904
('dual', 'preSMA')	0.4778776779090297	0.7597041190190781
