comparison	uncorrected_p-value	FDR-corrected_p-value
('preSMA', 'sham')	0.7812968444799957	0.87044488114454
('IFG', 'sham')	0.5893935708661379	0.87044488114454
('dual', 'sham')	0.6156907540951768	0.87044488114454
('IFG', 'preSMA')	0.4470506397505616	0.87044488114454
('dual', 'preSMA')	0.4316252424763036	0.87044488114454
('IFG', 'dual')	0.87044488114454	0.87044488114454
