comparison	uncorrected_p-value	FDR-corrected_p-value
('preSMA', 'sham')	0.9876079381752919	0.9876079381752919
('dual', 'sham')	0.8917700744918853	0.9876079381752919
('IFG', 'sham')	0.7452018139076851	0.9876079381752919
('dual', 'preSMA')	0.9109564418391267	0.9876079381752919
('IFG', 'preSMA')	0.7981442103422791	0.9876079381752919
('IFG', 'dual')	0.9284339348959649	0.9876079381752919
