comparison	uncorrected_p-value	FDR-corrected_p-value
('dual', 'preSMA')	0.911447888039099	0.9593925305030251
('IFG', 'dual')	0.9593925305030251	0.9593925305030251
('dual', 'sham')	0.7953757230825881	0.9593925305030251
('IFG', 'preSMA')	0.9360609864644776	0.9593925305030251
('preSMA', 'sham')	0.8718095066538702	0.9593925305030251
('IFG', 'sham')	0.7783045662577734	0.9593925305030251
