comparison	uncorrected_p-value	FDR-corrected_p-value
('IFG', 'sham')	0.6929513964552354	0.9386018991073568
('preSMA', 'sham')	0.8701683505754989	0.9386018991073568
('dual', 'sham')	0.9386018991073568	0.9386018991073568
('IFG', 'preSMA')	0.6566231844797707	0.9386018991073568
('IFG', 'dual')	0.8586661201678236	0.9386018991073568
('dual', 'preSMA')	0.8641131136059997	0.9386018991073568
