comparison	uncorrected_p-value	FDR-corrected_p-value
('IFG', 'preSMA')	0.4478780294532295	0.895756058906459
('dual', 'preSMA')	0.3790527842053323	0.895756058906459
('preSMA', 'sham')	0.2792075304065147	0.895756058906459
('IFG', 'dual')	0.8045732425326426	0.9654878910391711
('IFG', 'sham')	0.7433205469443713	0.9654878910391711
('dual', 'sham')	1.0	1.0
