comparison	uncorrected_p-value	FDR-corrected_p-value
('IFG', 'sham')	0.7061512310892474	0.9393773230207303
('IFG', 'dual')	0.8919760811394204	0.9393773230207303
('IFG', 'preSMA')	0.7099916085874273	0.9393773230207303
('dual', 'sham')	0.8968617764707815	0.9393773230207303
('preSMA', 'sham')	0.9393773230207303	0.9393773230207303
('dual', 'preSMA')	0.8659902094494366	0.9393773230207303
