comparison	uncorrected_p-value	FDR-corrected_p-value
('preSMA', 'sham')	0.3218606902110913	0.825360227242753
('IFG', 'sham')	0.7857311649473716	0.825360227242753
('dual', 'sham')	0.825360227242753	0.825360227242753
('IFG', 'preSMA')	0.18931393277445596	0.825360227242753
('dual', 'preSMA')	0.5397847173562632	0.825360227242753
('IFG', 'dual')	0.6482681187934427	0.825360227242753
