comparison	uncorrected_p-value	FDR-corrected_p-value
('IFG', 'sham')	0.5893935708661379	0.8704448811445417
('preSMA', 'sham')	0.7812968444799991	0.8704448811445417
('dual', 'sham')	0.6156907540951752	0.8704448811445417
('IFG', 'preSMA')	0.4470506397505638	0.8704448811445417
('IFG', 'dual')	0.8704448811445417	0.8704448811445417
('dual', 'preSMA')	0.43162524247630496	0.8704448811445417
