comparison	uncorrected_p-value	FDR-corrected_p-value
('IFG', 'preSMA')	0.9360609864644776	0.9593925305030263
('preSMA', 'sham')	0.8718095066538702	0.9593925305030263
('dual', 'preSMA')	0.9114478880391002	0.9593925305030263
('IFG', 'sham')	0.7783045662577734	0.9593925305030263
('IFG', 'dual')	0.9593925305030263	0.9593925305030263
('dual', 'sham')	0.7953757230825893	0.9593925305030263
