comparison	uncorrected_p-value	FDR-corrected_p-value
('dual', 'preSMA')	0.4316252424763036	0.8704448811445432
('IFG', 'dual')	0.8704448811445432	0.8704448811445432
('dual', 'sham')	0.6156907540951735	0.8704448811445432
('IFG', 'preSMA')	0.4470506397505638	0.8704448811445432
('preSMA', 'sham')	0.7812968444799991	0.8704448811445432
('IFG', 'sham')	0.5893935708661379	0.8704448811445432
