comparison	uncorrected_p-value	FDR-corrected_p-value
('IFG', 'sham')	0.23562742510816914	0.9076212437824391
('preSMA', 'sham')	0.31442656150677745	0.9076212437824391
('dual', 'sham')	0.46521996639345164	0.9076212437824391
('IFG', 'preSMA')	0.9076212437824391	0.9076212437824391
('IFG', 'dual')	0.7493074373368005	0.9076212437824391
('dual', 'preSMA')	0.8396976505746654	0.9076212437824391
