comparison	uncorrected_p-value	FDR-corrected_p-value
('IFG', 'preSMA')	0.3431183766493906	0.5149007201819114
('dual', 'preSMA')	0.0345389392356365	0.207233635413819
('preSMA', 'sham')	0.3432671467879409	0.5149007201819114
('IFG', 'dual')	0.5143389181372436	0.6172067017646924
('IFG', 'sham')	0.8664865252004352	0.8664865252004352
('dual', 'sham')	0.3416514385821541	0.5149007201819114
