comparison	uncorrected_p-value	FDR-corrected_p-value
('IFG', 'preSMA')	0.340275524569431	0.7867411860688409
('IFG', 'sham')	0.5909032496363158	0.8693652283775734
('IFG', 'dual')	0.8693652283775734	0.8693652283775734
('preSMA', 'sham')	0.7264958136781337	0.8693652283775734
('dual', 'preSMA')	0.09126770433116595	0.5476062259869957
('dual', 'sham')	0.39337059303442046	0.7867411860688409
