comparison	uncorrected_p-value	FDR-corrected_p-value
('IFG', 'sham')	0.8664865252004352	0.8664865252004352
('preSMA', 'sham')	0.343267146787942	0.514900720181913
('dual', 'sham')	0.34165143858215596	0.514900720181913
('IFG', 'preSMA')	0.3431183766493917	0.514900720181913
('IFG', 'dual')	0.5143389181372457	0.6172067017646948
('dual', 'preSMA')	0.03453893923563698	0.2072336354138219
