comparison	uncorrected_p-value	FDR-corrected_p-value
('preSMA', 'sham')	0.4193929479689189	0.5748551760461788
('IFG', 'sham')	0.8401999841394365	0.8401999841394365
('dual', 'sham')	0.3419907369245604	0.5748551760461788
('IFG', 'preSMA')	0.31247991699209987	0.5748551760461788
('dual', 'preSMA')	0.03579058073568405	0.21474348441410432
('IFG', 'dual')	0.4790459800384823	0.5748551760461788
