comparison	uncorrected_p-value	FDR-corrected_p-value
('dual', 'preSMA')	0.24033132776339836	0.6407281151608598
('IFG', 'dual')	0.564284180730491	0.6771410168765892
('dual', 'sham')	0.218886828013919	0.6407281151608598
('IFG', 'preSMA')	0.42715207677390654	0.6407281151608598
('preSMA', 'sham')	0.813204445816286	0.813204445816286
('IFG', 'sham')	0.3626729533639865	0.6407281151608598
