comparison	uncorrected_p-value	FDR-corrected_p-value
('IFG', 'sham')	0.9786559952556573	0.9786559952556573
('IFG', 'dual')	0.31407411554421466	0.48208514267725516
('IFG', 'preSMA')	0.40173761889771264	0.48208514267725516
('dual', 'sham')	0.2951039652640298	0.48208514267725516
('preSMA', 'sham')	0.33706287566013815	0.48208514267725516
('dual', 'preSMA')	0.018308840662783807	0.10985304397670284
