comparison	uncorrected_p-value	FDR-corrected_p-value
('IFG', 'sham')	0.3626729533639843	0.6407281151608555
('preSMA', 'sham')	0.813204445816286	0.813204445816286
('dual', 'sham')	0.218886828013919	0.6407281151608555
('IFG', 'preSMA')	0.42715207677390366	0.6407281151608555
('IFG', 'dual')	0.5642841807304948	0.6771410168765938
('dual', 'preSMA')	0.24033132776339836	0.6407281151608555
