comparison	uncorrected_p-value	FDR-corrected_p-value
('IFG', 'preSMA')	0.3431183766493926	0.514900720181913
('preSMA', 'sham')	0.343267146787942	0.514900720181913
('dual', 'preSMA')	0.0345389392356365	0.207233635413819
('IFG', 'sham')	0.8664865252004365	0.8664865252004365
('IFG', 'dual')	0.5143389181372415	0.6172067017646898
('dual', 'sham')	0.3416514385821533	0.514900720181913
