comparison	uncorrected_p-value	FDR-corrected_p-value
('preSMA', 'sham')	0.3432671467879409	0.5149007201819114
('IFG', 'sham')	0.8664865252004377	0.8664865252004377
('dual', 'sham')	0.34165143858215674	0.5149007201819114
('IFG', 'preSMA')	0.3431183766493926	0.5149007201819114
('dual', 'preSMA')	0.03453893923563698	0.2072336354138219
('IFG', 'dual')	0.5143389181372447	0.6172067017646937
