comparison	uncorrected_p-value	FDR-corrected_p-value
('preSMA', 'sham')	0.7977229615850954	0.7977229615850954
('IFG', 'sham')	0.48296418108750594	0.724446271631259
('dual', 'sham')	0.07931162554990823	0.35871114033475643
('IFG', 'preSMA')	0.6116142891177475	0.733937146941297
('dual', 'preSMA')	0.11957038011158547	0.35871114033475643
('IFG', 'dual')	0.40049964532702786	0.724446271631259
