comparison	uncorrected_p-value	FDR-corrected_p-value
('IFG', 'preSMA')	0.18058537141822523	0.4929626838698963
('IFG', 'sham')	0.1157831324605726	0.4929626838698963
('IFG', 'dual')	0.6060233710232947	0.7272280452279537
('preSMA', 'sham')	0.7470517870229252	0.7470517870229252
('dual', 'preSMA')	0.3751269725541456	0.5626904588312185
('dual', 'sham')	0.24648134193494814	0.4929626838698963
