comparison	uncorrected_p-value	FDR-corrected_p-value
('preSMA', 'sham')	0.7264958197520032	0.8693652317563483
('dual', 'sham')	0.3933706089187109	0.7867412178374218
('IFG', 'sham')	0.5909032615598313	0.8693652317563483
('dual', 'preSMA')	0.09126771079707267	0.5476062647824361
('IFG', 'preSMA')	0.3402755355280832	0.7867412178374218
('IFG', 'dual')	0.8693652317563483	0.8693652317563483
