comparison	uncorrected_p-value	FDR-corrected_p-value
('dual', 'preSMA')	0.13207471858066724	0.5732623521284084
('IFG', 'dual')	0.3569512105746262	0.7139024211492524
('dual', 'sham')	0.19108745070946945	0.5732623521284084
('IFG', 'preSMA')	0.758331535711174	0.758331535711174
('preSMA', 'sham')	0.6816549247895849	0.758331535711174
('IFG', 'sham')	0.5605276629300546	0.758331535711174
