comparison	uncorrected_p-value	FDR-corrected_p-value
('IFG', 'preSMA')	0.9070961178599459	0.9070961178599459
('IFG', 'sham')	0.7681797818510072	0.9070961178599459
('IFG', 'dual')	0.20964560149410874	0.5460175771499494
('preSMA', 'sham')	0.9060184280486332	0.9070961178599459
('dual', 'preSMA')	0.2730087885749747	0.5460175771499494
('dual', 'sham')	0.11711391907315728	0.5460175771499494
