comparison	uncorrected_p-value	FDR-corrected_p-value
('dual', 'preSMA')	0.03453893923563664	0.20723363541381984
('IFG', 'dual')	0.5143389181372426	0.6172067017646912
('dual', 'sham')	0.3416514385821541	0.5149007201819129
('IFG', 'preSMA')	0.3431183766493926	0.5149007201819129
('preSMA', 'sham')	0.3432671467879419	0.5149007201819129
('IFG', 'sham')	0.8664865252004365	0.8664865252004365
