comparison	uncorrected_p-value	FDR-corrected_p-value
('IFG', 'sham')	0.8402101309530683	0.8402101309530683
('preSMA', 'sham')	0.7288259886815978	0.8402101309530683
('dual', 'sham')	0.35001432427531554	0.7143546012706554
('IFG', 'preSMA')	0.4762364008471036	0.7143546012706554
('IFG', 'dual')	0.4038932758578818	0.7143546012706554
('dual', 'preSMA')	0.08465593550533045	0.5079356130319828
