comparison	uncorrected_p-value	FDR-corrected_p-value
('IFG', 'sham')	0.5426978536020874	0.7708881738071389
('preSMA', 'sham')	0.6424068115059491	0.7708881738071389
('dual', 'sham')	0.15643572840018127	0.6496046214261375
('IFG', 'preSMA')	0.9159052958036253	0.9159052958036253
('IFG', 'dual')	0.3194536326819111	0.6496046214261375
('dual', 'preSMA')	0.32480231071306875	0.6496046214261375
