comparison	uncorrected_p-value	FDR-corrected_p-value
('IFG', 'preSMA')	0.401737618897714	0.4820851426772568
('IFG', 'sham')	0.9786559952556587	0.9786559952556587
('IFG', 'dual')	0.31407411554421644	0.4820851426772568
('preSMA', 'sham')	0.3370628756601406	0.4820851426772568
('dual', 'preSMA')	0.018308840662784126	0.10985304397670476
('dual', 'sham')	0.29510396526403077	0.4820851426772568
