comparison	uncorrected_p-value	FDR-corrected_p-value
('preSMA', 'sham')	0.8426733089568834	0.8426733089568834
('IFG', 'sham')	0.6680863010141194	0.8426733089568834
('dual', 'sham')	0.17742820129177442	0.5758144659753331
('IFG', 'preSMA')	0.8262811655637389	0.8426733089568834
('dual', 'preSMA')	0.2438355647557878	0.5758144659753331
('IFG', 'dual')	0.2879072329876666	0.5758144659753331
