comparison	uncorrected_p-value	FDR-corrected_p-value
('preSMA', 'sham')	0.7470516949570849	0.7470516949570849
('dual', 'sham')	0.2464813542775623	0.4929627085551246
('IFG', 'sham')	0.11578314033259664	0.4929627085551246
('dual', 'preSMA')	0.37512704377666406	0.5626905656649961
('IFG', 'preSMA')	0.1805854106349614	0.4929627085551246
('IFG', 'dual')	0.6060233760346558	0.727228051241587
