comparison	uncorrected_p-value	FDR-corrected_p-value
('IFG', 'sham')	0.5103473636376767	0.7799553838821506
('IFG', 'dual')	0.5882650092911347	0.7799553838821506
('IFG', 'preSMA')	0.7799553838821506	0.7799553838821506
('dual', 'sham')	0.34941631923584615	0.7799553838821506
('preSMA', 'sham')	0.6898240845544326	0.7799553838821506
('dual', 'preSMA')	0.501944693031011	0.7799553838821506
