comparison	uncorrected_p-value	FDR-corrected_p-value
('preSMA', 'sham')	0.4242406843586334	0.6340586984590344
('IFG', 'sham')	0.528382248715862	0.6340586984590344
('dual', 'sham')	0.0688095603107	0.2064286809321
('IFG', 'preSMA')	0.7522875255975967	0.7522875255975967
('dual', 'preSMA')	0.19015322640969085	0.3803064528193817
('IFG', 'dual')	0.06834388976708652	0.2064286809321
