comparison	uncorrected_p-value	FDR-corrected_p-value
('IFG', 'sham')	0.5684317400568685	0.8296433064695474
('preSMA', 'sham')	0.8296433064695474	0.8296433064695474
('dual', 'sham')	0.11024384562710672	0.6133419682032852
('IFG', 'preSMA')	0.8236247202065363	0.8296433064695474
('IFG', 'dual')	0.25630088592723277	0.6133419682032852
('dual', 'preSMA')	0.3066709841016426	0.6133419682032852
