comparison	uncorrected_p-value	FDR-corrected_p-value
('preSMA', 'sham')	0.343267146787942	0.514900720181913
('dual', 'preSMA')	0.03453893923563664	0.20723363541381984
('IFG', 'preSMA')	0.3431183766493926	0.514900720181913
('dual', 'sham')	0.3416514385821541	0.514900720181913
('IFG', 'sham')	0.8664865252004365	0.8664865252004365
('IFG', 'dual')	0.5143389181372426	0.6172067017646912
