comparison	uncorrected_p-value	FDR-corrected_p-value
('IFG', 'preSMA')	0.24891099180258494	0.7088810633814449
('IFG', 'sham')	0.46488256651921445	0.7088810633814449
('IFG', 'dual')	0.7088810633814449	0.7088810633814449
('preSMA', 'sham')	0.6673298306694997	0.7088810633814449
('dual', 'preSMA')	0.2967068635083544	0.7088810633814449
('dual', 'sham')	0.5976946456348549	0.7088810633814449
