comparison	uncorrected_p-value	FDR-corrected_p-value
('IFG', 'sham')	0.6425470125793675	0.8941202653099516
('preSMA', 'sham')	0.6471441042486759	0.8941202653099516
('dual', 'sham')	0.979569280300204	0.979569280300204
('IFG', 'preSMA')	0.4085923688521492	0.8941202653099516
('IFG', 'dual')	0.7409508507898255	0.8941202653099516
('dual', 'preSMA')	0.7451002210916263	0.8941202653099516
