comparison	uncorrected_p-value	FDR-corrected_p-value
('IFG', 'sham')	0.7697526973242855	0.7697526973242855
('preSMA', 'sham')	0.42861297303477264	0.7697526973242855
('dual', 'sham')	0.7610121805802255	0.7697526973242855
('IFG', 'preSMA')	0.3742467250760958	0.7697526973242855
('IFG', 'dual')	0.6145517827679423	0.7697526973242855
('dual', 'preSMA')	0.5931577351179759	0.7697526973242855
