comparison	uncorrected_p-value	FDR-corrected_p-value
('preSMA', 'sham')	0.9628977674038844	0.990236899674478
('dual', 'sham')	0.990236899674478	0.990236899674478
('IFG', 'sham')	0.3770882447867189	0.8837887543049627
('dual', 'preSMA')	0.9581946315957395	0.990236899674478
('IFG', 'preSMA')	0.44189437715248137	0.8837887543049627
('IFG', 'dual')	0.43194403686583605	0.8837887543049627
