comparison	uncorrected_p-value	FDR-corrected_p-value
('IFG', 'preSMA')	0.9225935718565634	0.9740455188826236
('IFG', 'sham')	0.6781581190930933	0.9740455188826236
('IFG', 'dual')	0.7616896230934531	0.9740455188826236
('preSMA', 'sham')	0.6736417865363418	0.9740455188826236
('dual', 'preSMA')	0.7348663129053588	0.9740455188826236
('dual', 'sham')	0.9740455188826236	0.9740455188826236
