comparison	uncorrected_p-value	FDR-corrected_p-value
('IFG', 'preSMA')	0.4085923688521469	0.89412026530995
('dual', 'preSMA')	0.7451002210916251	0.89412026530995
('preSMA', 'sham')	0.6471441042486744	0.89412026530995
('IFG', 'dual')	0.7409508507898241	0.89412026530995
('IFG', 'sham')	0.6425470125793655	0.89412026530995
('dual', 'sham')	0.979569280300204	0.979569280300204
