comparison	uncorrected_p-value	FDR-corrected_p-value
('preSMA', 'sham')	0.47255109918376403	0.795932594312557
('dual', 'sham')	0.852633278271496	0.852633278271496
('IFG', 'sham')	0.6632771619271309	0.795932594312557
('dual', 'preSMA')	0.5703981320271521	0.795932594312557
('IFG', 'preSMA')	0.34717791539298404	0.795932594312557
('IFG', 'dual')	0.5747216908521091	0.795932594312557
