comparison	uncorrected_p-value	FDR-corrected_p-value
('IFG', 'preSMA')	0.6556061203747034	0.8942616946536546
('dual', 'preSMA')	0.2412765894668949	0.7115114516738155
('preSMA', 'sham')	0.8942616946536546	0.8942616946536546
('IFG', 'dual')	0.35575572583690773	0.7115114516738155
('IFG', 'sham')	0.758331535711174	0.8942616946536546
('dual', 'sham')	0.28247876017476653	0.7115114516738155
