comparison	uncorrected_p-value	FDR-corrected_p-value
('IFG', 'preSMA')	0.4592297836233482	0.7757604395894331
('preSMA', 'sham')	0.6288336382826072	0.7757604395894331
('dual', 'preSMA')	0.26780609463102173	0.7757604395894331
('IFG', 'sham')	0.7079195588479628	0.7757604395894331
('IFG', 'dual')	0.7757604395894331	0.7757604395894331
('dual', 'sham')	0.4437591835912663	0.7757604395894331
