comparison	uncorrected_p-value	FDR-corrected_p-value
('IFG', 'preSMA')	0.3471779175968067	0.7959325723883591
('IFG', 'sham')	0.663277143656966	0.7959325723883591
('IFG', 'dual')	0.5747216581521934	0.7959325723883591
('preSMA', 'sham')	0.47255111192569854	0.7959325723883591
('dual', 'preSMA')	0.5703981650190966	0.7959325723883591
('dual', 'sham')	0.8526332487594168	0.8526332487594168
