comparison	uncorrected_p-value	FDR-corrected_p-value
('IFG', 'preSMA')	0.6556061203747034	0.8636334454094757
('IFG', 'sham')	0.8284055064024053	0.8636334454094757
('IFG', 'dual')	0.8636334454094757	0.8636334454094757
('preSMA', 'sham')	0.758331535711174	0.8636334454094757
('dual', 'preSMA')	0.5912893377292461	0.8636334454094757
('dual', 'sham')	0.720826991362665	0.8636334454094757
