comparison	uncorrected_p-value	FDR-corrected_p-value
('preSMA', 'sham')	0.4049290725370651	0.6449707320921317
('IFG', 'sham')	0.4856876998346592	0.6449707320921317
('dual', 'sham')	0.9824916992700394	0.9824916992700394
('IFG', 'preSMA')	0.25155938068440675	0.6449707320921317
('dual', 'preSMA')	0.48772089831237264	0.6449707320921317
('IFG', 'dual')	0.5374756100767765	0.6449707320921317
