comparison	uncorrected_p-value	FDR-corrected_p-value
('IFG', 'preSMA')	0.408592368852148	0.8941202653099527
('preSMA', 'sham')	0.6471441042486744	0.8941202653099527
('dual', 'preSMA')	0.7451002210916273	0.8941202653099527
('IFG', 'sham')	0.6425470125793675	0.8941202653099527
('IFG', 'dual')	0.7409508507898228	0.8941202653099527
('dual', 'sham')	0.9795692803002011	0.9795692803002011
