comparison	uncorrected_p-value	FDR-corrected_p-value
('preSMA', 'sham')	0.4049290725370629	0.6449707320921317
('dual', 'preSMA')	0.48772089831237164	0.6449707320921317
('IFG', 'preSMA')	0.2515593806844061	0.6449707320921317
('dual', 'sham')	0.9824916992700377	0.9824916992700377
('IFG', 'sham')	0.4856876998346603	0.6449707320921317
('IFG', 'dual')	0.5374756100767765	0.6449707320921317
