comparison	uncorrected_p-value	FDR-corrected_p-value
('IFG', 'sham')	0.4253549439232037	0.5435620081554183
('preSMA', 'sham')	0.871307542424061	0.871307542424061
('dual', 'sham')	0.37414801021523647	0.5435620081554183
('IFG', 'preSMA')	0.33831925294893095	0.5435620081554183
('IFG', 'dual')	0.11656371557041108	0.5435620081554183
('dual', 'preSMA')	0.45296834012951526	0.5435620081554183
