comparison	uncorrected_p-value	FDR-corrected_p-value
('preSMA', 'sham')	0.49284679841364	0.8074560714523179
('IFG', 'sham')	0.6963457613512147	0.8074560714523179
('dual', 'sham')	0.8074560714523179	0.8074560714523179
('IFG', 'preSMA')	0.4459032946787588	0.8074560714523179
('dual', 'preSMA')	0.6590703809663817	0.8074560714523179
('IFG', 'dual')	0.6413425813397525	0.8074560714523179
