comparison	uncorrected_p-value	FDR-corrected_p-value
('IFG', 'preSMA')	0.44189438270923087	0.8837887654184617
('IFG', 'sham')	0.3770881796800718	0.8837887654184617
('IFG', 'dual')	0.43194401560359197	0.8837887654184617
('preSMA', 'sham')	0.9628978666221668	0.99023685138967
('dual', 'preSMA')	0.9581946835721546	0.99023685138967
('dual', 'sham')	0.99023685138967	0.99023685138967
