comparison	uncorrected_p-value	FDR-corrected_p-value
('preSMA', 'sham')	0.6471441042486729	0.8941202653099527
('IFG', 'sham')	0.6425470125793675	0.8941202653099527
('dual', 'sham')	0.9795692803001996	0.9795692803001996
('IFG', 'preSMA')	0.4085923688521469	0.8941202653099527
('dual', 'preSMA')	0.7451002210916273	0.8941202653099527
('IFG', 'dual')	0.7409508507898215	0.8941202653099527
