comparison	uncorrected_p-value	FDR-corrected_p-value
('IFG', 'sham')	0.8821314989793088	0.9331611006777936
('preSMA', 'sham')	0.775195957254361	0.9331611006777936
('dual', 'sham')	0.9331611006777936	0.9331611006777936
('IFG', 'preSMA')	0.6922574463342965	0.9331611006777936
('IFG', 'dual')	0.8438860604273304	0.9331611006777936
('dual', 'preSMA')	0.8604992065916865	0.9331611006777936
