comparison	uncorrected_p-value	FDR-corrected_p-value
('preSMA', 'sham')	0.7811666902832697	0.9562626089512802
('IFG', 'sham')	0.7717147958800399	0.9562626089512802
('dual', 'sham')	0.5892763737090122	0.9562626089512802
('IFG', 'preSMA')	0.9562626089512802	0.9562626089512802
('dual', 'preSMA')	0.8700384348318984	0.9562626089512802
('IFG', 'dual')	0.7895763000427122	0.9562626089512802
