comparison	uncorrected_p-value	FDR-corrected_p-value
('IFG', 'sham')	0.4856876998346592	0.6449707320921304
('preSMA', 'sham')	0.4049290725370629	0.6449707320921304
('dual', 'sham')	0.9824916992700377	0.9824916992700377
('IFG', 'preSMA')	0.25155938068440553	0.6449707320921304
('IFG', 'dual')	0.5374756100767754	0.6449707320921304
('dual', 'preSMA')	0.48772089831237164	0.6449707320921304
