comparison	uncorrected_p-value	FDR-corrected_p-value
('IFG', 'sham')	0.8491742500944253	0.9583266165619502
('IFG', 'dual')	0.9583266165619502	0.9583266165619502
('IFG', 'preSMA')	0.3397655768870693	0.7076681212015976
('dual', 'sham')	0.9061835900253032	0.9583266165619502
('preSMA', 'sham')	0.23111913884054594	0.7076681212015976
('dual', 'preSMA')	0.3538340606007988	0.7076681212015976
