comparison	uncorrected_p-value	FDR-corrected_p-value
('preSMA', 'sham')	0.6889739860599016	0.8883320050384143
('IFG', 'sham')	0.8883320050384143	0.8883320050384143
('dual', 'sham')	0.3724312698857587	0.7448625397715174
('IFG', 'preSMA')	0.7484360437107711	0.8883320050384143
('dual', 'preSMA')	0.1660336662519818	0.7037547433158843
('IFG', 'dual')	0.23458491443862808	0.7037547433158843
