comparison	uncorrected_p-value	FDR-corrected_p-value
('preSMA', 'sham')	0.12111182670587764	0.36333548011763295
('IFG', 'sham')	0.09586661316541914	0.36333548011763295
('dual', 'sham')	0.4051833409819554	0.8103666819639108
('IFG', 'preSMA')	0.8420263803041578	0.8420263803041578
('dual', 'preSMA')	0.6552312797733268	0.8420263803041578
('IFG', 'dual')	0.7412408265282209	0.8420263803041578
