comparison	uncorrected_p-value	FDR-corrected_p-value
('IFG', 'preSMA')	0.4088356553200754	0.8171948372328679
('IFG', 'sham')	0.9209370642566308	0.9209370642566308
('IFG', 'dual')	0.5786519998355075	0.8171948372328679
('preSMA', 'sham')	0.36345517382496273	0.8171948372328679
('dual', 'preSMA')	0.6809956976940567	0.8171948372328679
('dual', 'sham')	0.5101902772649471	0.8171948372328679
