comparison	uncorrected_p-value	FDR-corrected_p-value
('preSMA', 'sham')	0.2610079483602384	0.6830105934587064
('dual', 'preSMA')	0.9473950766193416	0.9473950766193416
('IFG', 'preSMA')	0.4980325069673326	0.6830105934587064
('dual', 'sham')	0.1766829123803336	0.6830105934587064
('IFG', 'sham')	0.569175494548922	0.6830105934587064
('IFG', 'dual')	0.4478390408514078	0.6830105934587064
