comparison	uncorrected_p-value	FDR-corrected_p-value
('IFG', 'sham')	0.9030158979155938	0.9030158979155938
('preSMA', 'sham')	0.2928661507117664	0.829327616792161
('dual', 'sham')	0.7095587934732923	0.8514705521679508
('IFG', 'preSMA')	0.22456190937852635	0.829327616792161
('IFG', 'dual')	0.5945012124608233	0.8514705521679508
('dual', 'preSMA')	0.4146638083960805	0.829327616792161
