comparison	uncorrected_p-value	FDR-corrected_p-value
('dual', 'preSMA')	0.9473950766193404	0.9473950766193404
('IFG', 'dual')	0.4478390408514089	0.6830105934587049
('dual', 'sham')	0.1766829123803336	0.6830105934587049
('IFG', 'preSMA')	0.4980325069673326	0.6830105934587049
('preSMA', 'sham')	0.2610079483602379	0.6830105934587049
('IFG', 'sham')	0.5691754945489207	0.6830105934587049
