comparison	uncorrected_p-value	FDR-corrected_p-value
('IFG', 'sham')	0.5897188196391578	0.7076625835669894
('preSMA', 'sham')	0.1798673612200872	0.543390005392408
('dual', 'sham')	0.25862822453554407	0.543390005392408
('IFG', 'preSMA')	0.271695002696204	0.543390005392408
('IFG', 'dual')	0.37502818280543593	0.562542274208154
('dual', 'preSMA')	0.8890154436980675	0.8890154436980675
