comparison	uncorrected_p-value	FDR-corrected_p-value
('IFG', 'sham')	0.07202981269642769	0.3084538165445732
('IFG', 'dual')	0.8711312189054423	0.9418279578249704
('IFG', 'preSMA')	0.7433205469443713	0.9418279578249704
('dual', 'sham')	0.2556418006203763	0.5112836012407526
('preSMA', 'sham')	0.10281793884819106	0.3084538165445732
('dual', 'preSMA')	0.9418279578249704	0.9418279578249704
