comparison	uncorrected_p-value	FDR-corrected_p-value
('preSMA', 'sham')	0.21626816618358677	0.6488044985507604
('IFG', 'sham')	0.18617124624999543	0.6488044985507604
('dual', 'sham')	0.43378531113438623	0.8675706222687725
('IFG', 'preSMA')	0.7217203861903514	0.9401830274125805
('dual', 'preSMA')	0.7834858561771505	0.9401830274125805
('IFG', 'dual')	1.0	1.0
