comparison	uncorrected_p-value	FDR-corrected_p-value
('IFG', 'preSMA')	0.3435690174436242	0.6551147704755833
('IFG', 'sham')	0.6048065452219398	0.7257678542663277
('IFG', 'dual')	0.4367431803170555	0.6551147704755833
('preSMA', 'sham')	0.1655892309193365	0.5635874609480604
('dual', 'preSMA')	0.7664152477421933	0.7664152477421933
('dual', 'sham')	0.18786248698268682	0.5635874609480604
