comparison	uncorrected_p-value	FDR-corrected_p-value
('IFG', 'sham')	0.5109213457490084	0.61310561489881
('preSMA', 'sham')	0.18279081705490013	0.61310561489881
('dual', 'sham')	0.24248365547221648	0.61310561489881
('IFG', 'preSMA')	0.4475382223927239	0.61310561489881
('IFG', 'dual')	0.49138699486591986	0.61310561489881
('dual', 'preSMA')	1.0	1.0
