comparison	uncorrected_p-value	FDR-corrected_p-value
('preSMA', 'sham')	0.7187348861580407	0.9939608891401011
('IFG', 'sham')	0.6374240489972367	0.9939608891401011
('dual', 'sham')	0.43909930761730864	0.9939608891401011
('IFG', 'preSMA')	0.9939608891401011	0.9939608891401011
('dual', 'preSMA')	0.8308342364172857	0.9939608891401011
('IFG', 'dual')	0.7508755590160769	0.9939608891401011
