comparison	uncorrected_p-value	FDR-corrected_p-value
('IFG', 'sham')	0.595196686057617	0.6818933232121926
('preSMA', 'sham')	0.1849099073700081	0.6818933232121926
('dual', 'sham')	0.23924868135781122	0.6818933232121926
('IFG', 'preSMA')	0.3710253774113962	0.6818933232121926
('IFG', 'dual')	0.5385840063337258	0.6818933232121926
('dual', 'preSMA')	0.6818933232121926	0.6818933232121926
