comparison	uncorrected_p-value	FDR-corrected_p-value
('IFG', 'sham')	0.8733101460441369	0.9006137196799677
('preSMA', 'sham')	0.5875568660885995	0.9006137196799677
('dual', 'sham')	0.6107534445071999	0.9006137196799677
('IFG', 'preSMA')	0.6865804449306874	0.9006137196799677
('IFG', 'dual')	0.7317794129961711	0.9006137196799677
('dual', 'preSMA')	0.9006137196799677	0.9006137196799677
