comparison	uncorrected_p-value	FDR-corrected_p-value
('IFG', 'preSMA')	0.4975345049673806	0.8503570494494965
('IFG', 'sham')	0.8503570494494965	0.8503570494494965
('IFG', 'dual')	0.716246692375105	0.8503570494494965
('preSMA', 'sham')	0.4222914985357882	0.8503570494494965
('dual', 'preSMA')	0.6447349845820545	0.8503570494494965
('dual', 'sham')	0.5847760509670935	0.8503570494494965
