comparison	uncorrected_p-value	FDR-corrected_p-value
('dual', 'preSMA')	1.0	1.0
('IFG', 'dual')	0.49138699486591986	0.6131056148988099
('dual', 'sham')	0.24248365547221648	0.6131056148988099
('IFG', 'preSMA')	0.4475382223927238	0.6131056148988099
('preSMA', 'sham')	0.18279081705490013	0.6131056148988099
('IFG', 'sham')	0.5109213457490083	0.6131056148988099
