comparison	uncorrected_p-value	FDR-corrected_p-value
('preSMA', 'sham')	0.26100794836023966	0.6830105934587064
('IFG', 'sham')	0.569175494548922	0.6830105934587064
('dual', 'sham')	0.1766829123803336	0.6830105934587064
('IFG', 'preSMA')	0.4980325069673345	0.6830105934587064
('dual', 'preSMA')	0.947395076619344	0.947395076619344
('IFG', 'dual')	0.4478390408514078	0.6830105934587064
