comparison	uncorrected_p-value	FDR-corrected_p-value
('IFG', 'preSMA')	0.6865804449306854	0.9006137196799666
('dual', 'preSMA')	0.9006137196799666	0.9006137196799666
('preSMA', 'sham')	0.5875568660885986	0.9006137196799666
('IFG', 'dual')	0.7317794129961699	0.9006137196799666
('IFG', 'sham')	0.8733101460441381	0.9006137196799666
('dual', 'sham')	0.6107534445071999	0.9006137196799666
