comparison	uncorrected_p-value	FDR-corrected_p-value
('IFG', 'sham')	0.8503570494494954	0.8503570494494954
('IFG', 'dual')	0.7162466923751063	0.8503570494494954
('IFG', 'preSMA')	0.4975345049673813	0.8503570494494954
('dual', 'sham')	0.5847760509670935	0.8503570494494954
('preSMA', 'sham')	0.4222914985357882	0.8503570494494954
('dual', 'preSMA')	0.6447349845820545	0.8503570494494954
