comparison	uncorrected_p-value	FDR-corrected_p-value
('preSMA', 'sham')	0.6023932675567136	0.8887893253523469
('IFG', 'sham')	0.4460973529087773	0.8887893253523469
('dual', 'sham')	0.2833073964677223	0.8887893253523469
('IFG', 'preSMA')	0.971724378018419	0.971724378018419
('dual', 'preSMA')	0.7406577711269557	0.8887893253523469
('IFG', 'dual')	0.6123425607800541	0.8887893253523469
