comparison	uncorrected_p-value	FDR-corrected_p-value
('IFG', 'preSMA')	0.6793037348151433	0.8151644817781719
('IFG', 'sham')	0.6376547180551296	0.8151644817781719
('IFG', 'dual')	0.6787349131608809	0.8151644817781719
('preSMA', 'sham')	0.4447836728249184	0.8151644817781719
('dual', 'preSMA')	0.9277583808213716	0.9277583808213716
('dual', 'sham')	0.37830160359608145	0.8151644817781719
