comparison	uncorrected_p-value	FDR-corrected_p-value
('IFG', 'sham')	0.569175494548922	0.6830105934587064
('preSMA', 'sham')	0.2610079483602384	0.6830105934587064
('dual', 'sham')	0.1766829123803341	0.6830105934587064
('IFG', 'preSMA')	0.4980325069673326	0.6830105934587064
('IFG', 'dual')	0.4478390408514089	0.6830105934587064
('dual', 'preSMA')	0.9473950766193404	0.9473950766193404
