comparison	uncorrected_p-value	FDR-corrected_p-value
('IFG', 'preSMA')	0.4980325069673326	0.6830105934587013
('dual', 'preSMA')	0.9473950766193404	0.9473950766193404
('preSMA', 'sham')	0.2610079483602367	0.6830105934587013
('IFG', 'dual')	0.4478390408514089	0.6830105934587013
('IFG', 'sham')	0.5691754945489178	0.6830105934587013
('dual', 'sham')	0.17668291238033226	0.6830105934587013
