comparison	uncorrected_p-value	FDR-corrected_p-value
('IFG', 'preSMA')	0.5848901434974291	0.7899349622966869
('IFG', 'sham')	0.2903931422093558	0.5807862844187116
('IFG', 'dual')	0.7899349622966869	0.7899349622966869
('preSMA', 'sham')	0.15191566660781078	0.569717090222723
('dual', 'preSMA')	0.7594881214753934	0.7899349622966869
('dual', 'sham')	0.18990569674090765	0.569717090222723
