comparison	uncorrected_p-value	FDR-corrected_p-value
('dual', 'preSMA')	0.9006137196799677	0.9006137196799677
('IFG', 'dual')	0.7317794129961686	0.9006137196799677
('dual', 'sham')	0.6107534445071999	0.9006137196799677
('IFG', 'preSMA')	0.6865804449306854	0.9006137196799677
('preSMA', 'sham')	0.5875568660885995	0.9006137196799677
('IFG', 'sham')	0.8733101460441393	0.9006137196799677
