comparison	uncorrected_p-value	FDR-corrected_p-value
('IFG', 'sham')	0.637654718055128	0.8151644817781692
('IFG', 'dual')	0.6787349131608794	0.8151644817781692
('IFG', 'preSMA')	0.6793037348151411	0.8151644817781692
('dual', 'sham')	0.37830160359607934	0.8151644817781692
('preSMA', 'sham')	0.4447836728249156	0.8151644817781692
('dual', 'preSMA')	0.9277583808213704	0.9277583808213704
