comparison	uncorrected_p-value	FDR-corrected_p-value
('IFG', 'sham')	0.4202499248326813	0.7790822454622279
('preSMA', 'sham')	0.29053197470016867	0.7790822454622279
('dual', 'sham')	0.7434582794162286	0.7790822454622279
('IFG', 'preSMA')	0.7790822454622279	0.7790822454622279
('IFG', 'dual')	0.593458184714624	0.7790822454622279
('dual', 'preSMA')	0.4107688392617076	0.7790822454622279
