comparison	uncorrected_p-value	FDR-corrected_p-value
('preSMA', 'sham')	0.33703500314224777	0.9011489469248619
('IFG', 'sham')	0.45057447346243096	0.9011489469248619
('dual', 'sham')	0.3350815909405024	0.9011489469248619
('IFG', 'preSMA')	0.8700578397636376	1.0
('dual', 'preSMA')	1.0	1.0
('IFG', 'dual')	0.8689571854960239	1.0
