comparison	uncorrected_p-value	FDR-corrected_p-value
('preSMA', 'sham')	0.05112926652208258	0.15338779956624773
('IFG', 'sham')	0.013713598410382952	0.08228159046229772
('dual', 'sham')	0.4902338784169882	0.6590563395525995
('IFG', 'preSMA')	0.750492126463969	0.750492126463969
('dual', 'preSMA')	0.4656334309694259	0.6590563395525995
('IFG', 'dual')	0.5492136162938329	0.6590563395525995
