comparison	uncorrected_p-value	FDR-corrected_p-value
('IFG', 'sham')	0.381862083307162	0.45823449996859433
('IFG', 'dual')	0.35076577904538997	0.45823449996859433
('IFG', 'preSMA')	0.37561576645172723	0.45823449996859433
('dual', 'sham')	0.9966330954053209	0.9966330954053209
('preSMA', 'sham')	0.0928403032492982	0.2785209097478946
('dual', 'preSMA')	0.07248667396512957	0.2785209097478946
