comparison	uncorrected_p-value	FDR-corrected_p-value
('IFG', 'preSMA')	0.37561576645172556	0.45823449996859433
('IFG', 'sham')	0.381862083307162	0.45823449996859433
('IFG', 'dual')	0.3507657790453915	0.45823449996859433
('preSMA', 'sham')	0.0928403032492977	0.2785209097478931
('dual', 'preSMA')	0.07248667396512957	0.2785209097478931
('dual', 'sham')	0.9966330954053182	0.9966330954053182
