comparison	uncorrected_p-value	FDR-corrected_p-value
('IFG', 'preSMA')	0.3847051366017943	0.865955854228617
('IFG', 'sham')	0.7216298785238475	0.865955854228617
('IFG', 'dual')	0.9247873740968012	0.9247873740968012
('preSMA', 'sham')	0.19365658815765455	0.865955854228617
('dual', 'preSMA')	0.44100389412205565	0.865955854228617
('dual', 'sham')	0.6489462625884428	0.865955854228617
