comparison	uncorrected_p-value	FDR-corrected_p-value
('IFG', 'sham')	0.048674369317959244	0.24895634005604755
('IFG', 'dual')	0.3278210996163531	0.4917316494245296
('IFG', 'preSMA')	0.7147833359658721	0.7147833359658721
('dual', 'sham')	0.5954283627847818	0.7145140353417382
('preSMA', 'sham')	0.08298544668534918	0.24895634005604755
('dual', 'preSMA')	0.2830010677551588	0.4917316494245296
