comparison	uncorrected_p-value	FDR-corrected_p-value
('IFG', 'sham')	0.2663533909346747	0.5102249036688871
('preSMA', 'sham')	0.08763423149034287	0.5102249036688871
('dual', 'sham')	0.6345138940753203	0.7614166728903844
('IFG', 'preSMA')	0.24599496134090237	0.5102249036688871
('IFG', 'dual')	0.8132614819926421	0.8132614819926421
('dual', 'preSMA')	0.340149935779258	0.5102249036688871
