comparison	uncorrected_p-value	FDR-corrected_p-value
('preSMA', 'sham')	0.10529801705807901	0.631788102348474
('IFG', 'sham')	0.44275775879285584	0.7605345046804827
('dual', 'sham')	0.7718149381596382	0.7789315572601382
('IFG', 'preSMA')	0.5070230031203218	0.7605345046804827
('dual', 'preSMA')	0.40293485567903387	0.7605345046804827
('IFG', 'dual')	0.7789315572601382	0.7789315572601382
