comparison	uncorrected_p-value	FDR-corrected_p-value
('preSMA', 'sham')	0.08579652603883091	0.37493242220967893
('dual', 'sham')	0.6178411446995076	0.7164321183232933
('IFG', 'sham')	0.12497747406989297	0.37493242220967893
('dual', 'preSMA')	0.5086041504912451	0.7164321183232933
('IFG', 'preSMA')	0.5449197852868842	0.7164321183232933
('IFG', 'dual')	0.7164321183232933	0.7164321183232933
