comparison	uncorrected_p-value	FDR-corrected_p-value
('preSMA', 'sham')	0.4424087800041321	0.8737024589108475
('dual', 'preSMA')	0.5386120081977019	0.8737024589108475
('IFG', 'preSMA')	0.7408826229367955	0.8737024589108475
('dual', 'sham')	0.6634684580051979	0.8737024589108475
('IFG', 'sham')	0.6135154585950656	0.8737024589108475
('IFG', 'dual')	0.8737024589108475	0.8737024589108475
