comparison	uncorrected_p-value	FDR-corrected_p-value
('IFG', 'preSMA')	0.5257432676070131	0.9114698324371462
('dual', 'preSMA')	0.36809769284787297	0.9114698324371462
('preSMA', 'sham')	0.2487764032404774	0.9114698324371462
('IFG', 'dual')	0.8099352827427386	0.9114698324371462
('IFG', 'sham')	0.7050922309661107	0.9114698324371462
('dual', 'sham')	0.9114698324371462	0.9114698324371462
