comparison	uncorrected_p-value	FDR-corrected_p-value
('preSMA', 'sham')	0.09260155365401347	0.27780466096204043
('IFG', 'sham')	0.05602205778324792	0.27780466096204043
('dual', 'sham')	0.5085318156833711	0.7362227182466038
('IFG', 'preSMA')	0.7362227182466038	0.7362227182466038
('dual', 'preSMA')	0.5238486575643656	0.7362227182466038
('IFG', 'dual')	0.6438941464856426	0.7362227182466038
