comparison	uncorrected_p-value	FDR-corrected_p-value
('IFG', 'preSMA')	0.5449197736961822	0.7164321071104247
('IFG', 'sham')	0.12497747745425633	0.374932432362769
('IFG', 'dual')	0.7164321071104247	0.7164321071104247
('preSMA', 'sham')	0.08579652627871032	0.374932432362769
('dual', 'preSMA')	0.5086041362891969	0.7164321071104247
('dual', 'sham')	0.6178411625662681	0.7164321071104247
