comparison	uncorrected_p-value	FDR-corrected_p-value
('IFG', 'preSMA')	0.5265142925301207	0.7897714387951811
('IFG', 'sham')	0.6585019938441561	0.7902023926129873
('IFG', 'dual')	0.5101273569463414	0.7897714387951811
('preSMA', 'sham')	0.29993380135740455	0.7897714387951811
('dual', 'preSMA')	0.9037455277845294	0.9037455277845294
('dual', 'sham')	0.29888079834581566	0.7897714387951811
