comparison	uncorrected_p-value	FDR-corrected_p-value
('preSMA', 'sham')	0.09260155365401278	0.2778046609620384
('dual', 'preSMA')	0.5238486575643639	0.7362227182465955
('IFG', 'preSMA')	0.7362227182465955	0.7362227182465955
('dual', 'sham')	0.5085318156833711	0.7362227182465955
('IFG', 'sham')	0.05602205778324902	0.2778046609620384
('IFG', 'dual')	0.6438941464856469	0.7362227182465955
