comparison	uncorrected_p-value	FDR-corrected_p-value
('IFG', 'sham')	0.8566130728266051	0.8566130728266051
('preSMA', 'sham')	0.22927255433645372	0.4795212205106715
('dual', 'sham')	0.6090396722904989	0.7308476067485987
('IFG', 'preSMA')	0.05792994529393049	0.34757967176358295
('IFG', 'dual')	0.3542049555931227	0.5313074333896841
('dual', 'preSMA')	0.23976061025533574	0.4795212205106715
