comparison	uncorrected_p-value	FDR-corrected_p-value
('IFG', 'sham')	0.9597683795548442	0.9597683795548442
('preSMA', 'sham')	0.12134528593263592	0.24269057186527185
('dual', 'sham')	0.8146244851896454	0.9597683795548442
('IFG', 'preSMA')	0.058508110354918604	0.19536652110563615
('IFG', 'dual')	0.7124052107938645	0.9597683795548442
('dual', 'preSMA')	0.06512217370187871	0.19536652110563615
