comparison	uncorrected_p-value	FDR-corrected_p-value
('dual', 'preSMA')	0.3680976928478744	0.9114698324371484
('IFG', 'dual')	0.8099352827427405	0.9114698324371484
('dual', 'sham')	0.9114698324371484	0.9114698324371484
('IFG', 'preSMA')	0.5257432676070131	0.9114698324371484
('preSMA', 'sham')	0.24877640324047975	0.9114698324371484
('IFG', 'sham')	0.705092230966115	0.9114698324371484
