comparison	uncorrected_p-value	FDR-corrected_p-value
('preSMA', 'sham')	0.09424351942174747	0.5365770243624096
('dual', 'sham')	0.2682885121812048	0.5365770243624096
('IFG', 'sham')	0.24747110069153372	0.5365770243624096
('dual', 'preSMA')	0.4565021008027561	0.5478025209633073
('IFG', 'preSMA')	0.38905096086390234	0.5478025209633073
('IFG', 'dual')	1.0	1.0
