comparison	uncorrected_p-value	FDR-corrected_p-value
('IFG', 'preSMA')	0.714783335965872	0.714783335965872
('IFG', 'sham')	0.048674369317959244	0.2489563400560474
('IFG', 'dual')	0.327821099616353	0.49173164942452946
('preSMA', 'sham')	0.08298544668534913	0.2489563400560474
('dual', 'preSMA')	0.2830010677551588	0.49173164942452946
('dual', 'sham')	0.5954283627847818	0.7145140353417382
