comparison	uncorrected_p-value	FDR-corrected_p-value
('IFG', 'sham')	0.47162925406038014	0.975390234822525
('preSMA', 'sham')	0.465875885896018	0.975390234822525
('dual', 'sham')	0.5807426237762853	0.975390234822525
('IFG', 'preSMA')	0.8344215361826832	0.975390234822525
('IFG', 'dual')	0.9078878817009112	0.975390234822525
('dual', 'preSMA')	0.975390234822525	0.975390234822525
