comparison	uncorrected_p-value	FDR-corrected_p-value
('preSMA', 'sham')	0.4012006507986764	0.8114733474620043
('IFG', 'sham')	0.2946013810358055	0.8114733474620043
('dual', 'sham')	0.6163376417763766	0.8114733474620043
('IFG', 'preSMA')	0.5122483862934404	0.8114733474620043
('dual', 'preSMA')	0.9947427030582626	0.9947427030582626
('IFG', 'dual')	0.6762277895516703	0.8114733474620043
