comparison	uncorrected_p-value	FDR-corrected_p-value
('dual', 'preSMA')	0.3919095252707273	0.7592166932100216
('IFG', 'dual')	0.5061444621400144	0.7592166932100216
('dual', 'sham')	0.9599816740887921	0.9599816740887921
('IFG', 'preSMA')	0.8612705325193268	0.9599816740887921
('preSMA', 'sham')	0.21607315853532313	0.7592166932100216
('IFG', 'sham')	0.3687259176082909	0.7592166932100216
