comparison	uncorrected_p-value	FDR-corrected_p-value
('IFG', 'sham')	0.3028596214659748	0.809034333705645
('IFG', 'dual')	0.6511892822532155	0.809034333705645
('IFG', 'preSMA')	0.5667308046026566	0.809034333705645
('dual', 'sham')	0.6741952780880376	0.809034333705645
('preSMA', 'sham')	0.390094261444784	0.809034333705645
('dual', 'preSMA')	0.894740290003982	0.894740290003982
