comparison	uncorrected_p-value	FDR-corrected_p-value
('IFG', 'preSMA')	0.6926652261377235	0.9503653559804774
('IFG', 'sham')	0.43748531122185264	0.9503653559804774
('IFG', 'dual')	0.8159542242027396	0.9503653559804774
('preSMA', 'sham')	0.5259307742218773	0.9503653559804774
('dual', 'preSMA')	0.9503653559804774	0.9503653559804774
('dual', 'sham')	0.6198338844857905	0.9503653559804774
