comparison	uncorrected_p-value	FDR-corrected_p-value
('dual', 'preSMA')	0.9947427030582626	0.9947427030582626
('IFG', 'dual')	0.6762277895516704	0.8114733474620044
('dual', 'sham')	0.6163376417763756	0.8114733474620044
('IFG', 'preSMA')	0.5122483862934404	0.8114733474620044
('preSMA', 'sham')	0.4012006507986752	0.8114733474620044
('IFG', 'sham')	0.2946013810358049	0.8114733474620044
