comparison	uncorrected_p-value	FDR-corrected_p-value
('IFG', 'preSMA')	0.44253149775040745	0.9529918565058484
('IFG', 'sham')	0.6104856178858206	0.9529918565058484
('IFG', 'dual')	0.41182682581885166	0.9529918565058484
('preSMA', 'sham')	0.9179660482516206	0.9529918565058484
('dual', 'preSMA')	0.9529918565058484	0.9529918565058484
('dual', 'sham')	0.883865395196649	0.9529918565058484
