comparison	uncorrected_p-value	FDR-corrected_p-value
('IFG', 'preSMA')	0.7109955013336364	0.8516504035790984
('IFG', 'sham')	0.542908020702934	0.8516504035790984
('IFG', 'dual')	0.5287160115930865	0.8516504035790984
('preSMA', 'sham')	0.6840616163772364	0.8516504035790984
('dual', 'preSMA')	0.6912564600508302	0.8516504035790984
('dual', 'sham')	0.8516504035790984	0.8516504035790984
