comparison	uncorrected_p-value	FDR-corrected_p-value
('IFG', 'sham')	0.5429080207029349	0.8516504035790997
('IFG', 'dual')	0.5287160115930865	0.8516504035790997
('IFG', 'preSMA')	0.7109955013336364	0.8516504035790997
('dual', 'sham')	0.8516504035790997	0.8516504035790997
('preSMA', 'sham')	0.6840616163772377	0.8516504035790997
('dual', 'preSMA')	0.6912564600508302	0.8516504035790997
