comparison	uncorrected_p-value	FDR-corrected_p-value
('IFG', 'sham')	0.7551250341145566	0.9937601424601502
('preSMA', 'sham')	0.8606740365797593	0.9937601424601502
('dual', 'sham')	0.8580897619246435	0.9937601424601502
('IFG', 'preSMA')	0.8186018515891256	0.9937601424601502
('IFG', 'dual')	0.8265835641432226	0.9937601424601502
('dual', 'preSMA')	0.9937601424601502	0.9937601424601502
