comparison	uncorrected_p-value	FDR-corrected_p-value
('IFG', 'preSMA')	0.40561593570303855	0.715500797011301
('dual', 'preSMA')	0.6585615515000802	0.7902738618000962
('preSMA', 'sham')	0.4770005313408673	0.715500797011301
('IFG', 'dual')	0.3816606252886925	0.715500797011301
('IFG', 'sham')	0.19323228045181268	0.715500797011301
('dual', 'sham')	0.9424673464115841	0.9424673464115841
