comparison	uncorrected_p-value	FDR-corrected_p-value
('IFG', 'sham')	0.2681113778226203	0.6812613869108045
('preSMA', 'sham')	0.38257880043708037	0.6812613869108045
('dual', 'sham')	0.7212696831555049	0.7212696831555049
('IFG', 'preSMA')	0.5677178224256705	0.6812613869108045
('IFG', 'dual')	0.3149872880575211	0.6812613869108045
('dual', 'preSMA')	0.4607542206919164	0.6812613869108045
