comparison	uncorrected_p-value	FDR-corrected_p-value
('preSMA', 'sham')	0.9179660867377675	0.9529917913469337
('dual', 'sham')	0.8838653880187533	0.9529917913469337
('IFG', 'sham')	0.6104856576000681	0.9529917913469337
('dual', 'preSMA')	0.9529917913469337	0.9529917913469337
('IFG', 'preSMA')	0.44253157269289645	0.9529917913469337
('IFG', 'dual')	0.41182686648966904	0.9529917913469337
