comparison	uncorrected_p-value	FDR-corrected_p-value
('preSMA', 'sham')	0.38257880043708037	0.6812613869108094
('IFG', 'sham')	0.26811137782262184	0.6812613869108094
('dual', 'sham')	0.7212696831555077	0.7212696831555077
('IFG', 'preSMA')	0.5677178224256745	0.6812613869108094
('dual', 'preSMA')	0.46075422069191274	0.6812613869108094
('IFG', 'dual')	0.3149872880575218	0.6812613869108094
