comparison	uncorrected_p-value	FDR-corrected_p-value
('IFG', 'preSMA')	0.5122483862934389	0.8114733474620044
('dual', 'preSMA')	0.9947427030582612	0.9947427030582612
('preSMA', 'sham')	0.40120065079867795	0.8114733474620044
('IFG', 'dual')	0.6762277895516704	0.8114733474620044
('IFG', 'sham')	0.2946013810358055	0.8114733474620044
('dual', 'sham')	0.6163376417763766	0.8114733474620044
