comparison	uncorrected_p-value	FDR-corrected_p-value
('preSMA', 'sham')	0.38257880043708037	0.6812613869108077
('dual', 'preSMA')	0.46075422069191274	0.6812613869108077
('IFG', 'preSMA')	0.5677178224256731	0.6812613869108077
('dual', 'sham')	0.7212696831555075	0.7212696831555075
('IFG', 'sham')	0.2681113778226214	0.6812613869108077
('IFG', 'dual')	0.3149872880575211	0.6812613869108077
