comparison	uncorrected_p-value	FDR-corrected_p-value
('IFG', 'preSMA')	0.5677178224256731	0.6812613869108077
('dual', 'preSMA')	0.46075422069191274	0.6812613869108077
('preSMA', 'sham')	0.38257880043708037	0.6812613869108077
('IFG', 'dual')	0.314987288057521	0.6812613869108077
('IFG', 'sham')	0.2681113778226214	0.6812613869108077
('dual', 'sham')	0.7212696831555077	0.7212696831555077
