comparison	uncorrected_p-value	FDR-corrected_p-value
('IFG', 'preSMA')	0.43024260675240755	0.837597154367935
('IFG', 'sham')	0.23701168464366326	0.837597154367935
('IFG', 'dual')	0.5583981029119567	0.837597154367935
('preSMA', 'sham')	0.49138699486591964	0.837597154367935
('dual', 'preSMA')	0.7865609022626183	0.9438730827151419
('dual', 'sham')	0.949057405991568	0.949057405991568
