comparison	uncorrected_p-value	FDR-corrected_p-value
('preSMA', 'sham')	0.22499079707993555	0.676464973111791
('IFG', 'sham')	0.225488324370597	0.676464973111791
('dual', 'sham')	0.4934200011924643	0.7675364192164389
('IFG', 'preSMA')	0.6396136826803658	0.7675364192164389
('dual', 'preSMA')	0.8244866794855095	0.8244866794855095
('IFG', 'dual')	0.6235003001280461	0.7675364192164389
