comparison	uncorrected_p-value	FDR-corrected_p-value
('dual', 'preSMA')	0.46075422069191274	0.6812613869108077
('IFG', 'dual')	0.314987288057521	0.6812613869108077
('dual', 'sham')	0.7212696831555049	0.7212696831555049
('IFG', 'preSMA')	0.5677178224256731	0.6812613869108077
('preSMA', 'sham')	0.38257880043707815	0.6812613869108077
('IFG', 'sham')	0.2681113778226201	0.6812613869108077
