comparison	uncorrected_p-value	FDR-corrected_p-value
('preSMA', 'sham')	0.17302257012137667	0.51906771036413
('IFG', 'sham')	0.06500945015195135	0.39005670091170813
('dual', 'sham')	0.8546254684112076	0.8546254684112076
('IFG', 'preSMA')	0.4572007978017637	0.6858011967026456
('dual', 'preSMA')	0.6144632047146554	0.7373558456575865
('IFG', 'dual')	0.4211814637893434	0.6858011967026456
