comparison	uncorrected_p-value	FDR-corrected_p-value
('IFG', 'preSMA')	0.5122483862934375	0.8114733474620044
('preSMA', 'sham')	0.4012006507986794	0.8114733474620044
('dual', 'preSMA')	0.9947427030582596	0.9947427030582596
('IFG', 'sham')	0.2946013810358055	0.8114733474620044
('IFG', 'dual')	0.6762277895516704	0.8114733474620044
('dual', 'sham')	0.6163376417763766	0.8114733474620044
