comparison	uncorrected_p-value	FDR-corrected_p-value
('IFG', 'sham')	0.7159125729268161	0.9145626372058557
('preSMA', 'sham')	0.5684317400568685	0.9145626372058557
('dual', 'sham')	0.9145626372058557	0.9145626372058557
('IFG', 'preSMA')	0.898656603905865	0.9145626372058557
('IFG', 'dual')	0.690479763120438	0.9145626372058557
('dual', 'preSMA')	0.5813853421180133	0.9145626372058557
