comparison	uncorrected_p-value	FDR-corrected_p-value
('IFG', 'preSMA')	0.5667308046026527	0.8090343337056423
('IFG', 'sham')	0.302859621465971	0.8090343337056423
('IFG', 'dual')	0.651189282253213	0.8090343337056423
('preSMA', 'sham')	0.390094261444781	0.8090343337056423
('dual', 'preSMA')	0.894740290003982	0.894740290003982
('dual', 'sham')	0.6741952780880353	0.8090343337056423
