comparison	uncorrected_p-value	FDR-corrected_p-value
('preSMA', 'sham')	0.17957735304092404	0.26936602956138606
('IFG', 'sham')	0.07642676952338939	0.22482923654499096
('dual', 'sham')	0.6878505226472504	0.6878505226472504
('IFG', 'preSMA')	0.47404466416857594	0.5688535970022911
('dual', 'preSMA')	0.11241461827249548	0.22482923654499096
('IFG', 'dual')	0.029070662551743485	0.17442397531046092
