comparison	uncorrected_p-value	FDR-corrected_p-value
('preSMA', 'sham')	0.4012006507986752	0.8114733474620056
('dual', 'preSMA')	0.9947427030582626	0.9947427030582626
('IFG', 'preSMA')	0.5122483862934417	0.8114733474620056
('dual', 'sham')	0.6163376417763756	0.8114733474620056
('IFG', 'sham')	0.2946013810358055	0.8114733474620056
('IFG', 'dual')	0.6762277895516714	0.8114733474620056
