comparison	uncorrected_p-value	FDR-corrected_p-value
('preSMA', 'sham')	0.5259307501156467	0.9503653495391344
('dual', 'sham')	0.6198338625813276	0.9503653495391344
('IFG', 'sham')	0.4374853000631218	0.9503653495391344
('dual', 'preSMA')	0.9503653495391344	0.9503653495391344
('IFG', 'preSMA')	0.6926652332138465	0.9503653495391344
('IFG', 'dual')	0.8159542367991997	0.9503653495391344
