comparison	uncorrected_p-value	FDR-corrected_p-value
('preSMA', 'sham')	0.4770005313408674	0.7155007970113011
('dual', 'preSMA')	0.6585615515000802	0.7902738618000962
('IFG', 'preSMA')	0.40561593570303855	0.7155007970113011
('dual', 'sham')	0.9424673464115843	0.9424673464115843
('IFG', 'sham')	0.19323228045181268	0.7155007970113011
('IFG', 'dual')	0.3816606252886925	0.7155007970113011
