comparison	uncorrected_p-value	FDR-corrected_p-value
('IFG', 'sham')	0.34150034105478044	0.9382288615770664
('preSMA', 'sham')	0.303572661947375	0.9382288615770664
('dual', 'sham')	0.4691144307885332	0.9382288615770664
('IFG', 'preSMA')	0.8916454034317145	0.9560174869948879
('IFG', 'dual')	0.9560174869948879	0.9560174869948879
('dual', 'preSMA')	0.8728665929193753	0.9560174869948879
