comparison	uncorrected_p-value	FDR-corrected_p-value
('IFG', 'sham')	0.8365465126852866	0.9384316879774144
('preSMA', 'sham')	0.7988551011763777	0.9384316879774144
('dual', 'sham')	0.05414294328988349	0.324857659739301
('IFG', 'preSMA')	0.9384316879774144	0.9384316879774144
('IFG', 'dual')	0.17972973547609428	0.5391892064282828
('dual', 'preSMA')	0.3218606902110913	0.6437213804221826
