comparison	uncorrected_p-value	FDR-corrected_p-value
('preSMA', 'sham')	0.8179244949258391	0.8179244949258391
('IFG', 'sham')	0.35256864932978305	0.42308237919573966
('dual', 'sham')	0.09745234711302471	0.29235704133907414
('IFG', 'preSMA')	0.28409909961655927	0.42308237919573966
('dual', 'preSMA')	0.20182574974114054	0.4036514994822811
('IFG', 'dual')	0.03775348418669983	0.226520905120199
