comparison	uncorrected_p-value	FDR-corrected_p-value
('preSMA', 'sham')	0.5833044208393651	0.5833044208393651
('IFG', 'sham')	0.5221856962852366	0.5833044208393651
('dual', 'sham')	0.06592300660773055	0.19776901982319167
('IFG', 'preSMA')	0.2865107660682694	0.4297661491024041
('dual', 'preSMA')	0.22397516015284413	0.4297661491024041
('IFG', 'dual')	0.042634889787700546	0.19776901982319167
