comparison	uncorrected_p-value	FDR-corrected_p-value
('IFG', 'preSMA')	0.3441932171947535	0.7787240861148332
('dual', 'preSMA')	0.5494121181771026	0.7787240861148332
('preSMA', 'sham')	0.19211608925237986	0.7787240861148332
('IFG', 'dual')	0.8149841660701205	0.8149841660701205
('IFG', 'sham')	0.6489367384290278	0.7787240861148332
('dual', 'sham')	0.5453886927237233	0.7787240861148332
