comparison	uncorrected_p-value	FDR-corrected_p-value
('preSMA', 'sham')	0.6617777933021032	0.6883487738109084
('IFG', 'sham')	0.13479994637002446	0.2021999195550367
('dual', 'sham')	0.10020756795373557	0.20041513590747115
('IFG', 'preSMA')	0.09365337845606572	0.20041513590747115
('dual', 'preSMA')	0.07155357083898166	0.20041513590747115
('IFG', 'dual')	0.6883487738109084	0.6883487738109084
