comparison	uncorrected_p-value	FDR-corrected_p-value
('IFG', 'preSMA')	0.6278580849334618	0.8506773662594806
('IFG', 'sham')	0.46820101495737176	0.8506773662594806
('IFG', 'dual')	0.7890058031088968	0.8506773662594806
('preSMA', 'sham')	0.2839392718640055	0.8506773662594806
('dual', 'preSMA')	0.8506773662594806	0.8506773662594806
('dual', 'sham')	0.380300930531591	0.8506773662594806
