comparison	uncorrected_p-value	FDR-corrected_p-value
('IFG', 'preSMA')	0.7407358113852225	0.888882973662267
('IFG', 'sham')	0.9681251372832442	0.9681251372832442
('IFG', 'dual')	0.640871896857446	0.888882973662267
('preSMA', 'sham')	0.7104388496439124	0.888882973662267
('dual', 'preSMA')	0.49717061869285817	0.888882973662267
('dual', 'sham')	0.6521774733153198	0.888882973662267
