comparison	uncorrected_p-value	FDR-corrected_p-value
('preSMA', 'sham')	0.19211608925237883	0.7787240861148301
('IFG', 'sham')	0.6489367384290251	0.7787240861148301
('dual', 'sham')	0.5453886927237213	0.7787240861148301
('IFG', 'preSMA')	0.3441932171947535	0.7787240861148301
('dual', 'preSMA')	0.5494121181771026	0.7787240861148301
('IFG', 'dual')	0.8149841660701205	0.8149841660701205
