comparison	uncorrected_p-value	FDR-corrected_p-value
('IFG', 'preSMA')	0.4040608087305526	0.6060912130958289
('IFG', 'sham')	0.31621407413979624	0.6060912130958289
('IFG', 'dual')	0.6666409195637918	0.7969792372205916
('preSMA', 'sham')	0.1088727881563924	0.6060912130958289
('dual', 'preSMA')	0.7969792372205916	0.7969792372205916
('dual', 'sham')	0.24882296815852653	0.6060912130958289
