comparison	uncorrected_p-value	FDR-corrected_p-value
('IFG', 'preSMA')	0.5631049970207676	0.7835323863981416
('IFG', 'sham')	0.558600185745196	0.7835323863981416
('IFG', 'dual')	0.6795293831895547	0.7835323863981416
('preSMA', 'sham')	0.31309976619798874	0.7835323863981416
('dual', 'preSMA')	0.7835323863981416	0.7835323863981416
('dual', 'sham')	0.35152060275372654	0.7835323863981416
