comparison	uncorrected_p-value	FDR-corrected_p-value
('IFG', 'preSMA')	0.2733630542305309	0.5113396984530898
('IFG', 'sham')	0.6612145200510071	0.765031950448988
('IFG', 'dual')	0.16641431387699632	0.499242941630989
('preSMA', 'sham')	0.34089313230205986	0.5113396984530898
('dual', 'preSMA')	0.765031950448988	0.765031950448988
('dual', 'sham')	0.14130693011381049	0.499242941630989
