comparison	uncorrected_p-value	FDR-corrected_p-value
('preSMA', 'sham')	0.16514845947236995	0.5964920695192045
('IFG', 'sham')	0.6657642503385255	0.6657642503385255
('dual', 'sham')	0.4716088796248553	0.6657642503385255
('IFG', 'preSMA')	0.19883068983973481	0.5964920695192045
('dual', 'preSMA')	0.447306864557641	0.6657642503385255
('IFG', 'dual')	0.656458067007494	0.6657642503385255
