comparison	uncorrected_p-value	FDR-corrected_p-value
('dual', 'preSMA')	0.7835323863981416	0.7835323863981416
('IFG', 'dual')	0.15998908828817676	0.41133442197200293
('dual', 'sham')	0.17986736122008726	0.41133442197200293
('IFG', 'preSMA')	0.22525457621526765	0.41133442197200293
('preSMA', 'sham')	0.2742229479813353	0.41133442197200293
('IFG', 'sham')	0.7079195588479631	0.7835323863981416
