comparison	uncorrected_p-value	FDR-corrected_p-value
('preSMA', 'sham')	0.8928787484451374	0.8928787484451374
('IFG', 'sham')	0.1507191951196643	0.33809033444633013
('dual', 'sham')	0.1269045617689472	0.33809033444633013
('IFG', 'preSMA')	0.22539355629755342	0.33809033444633013
('dual', 'preSMA')	0.194335177594644	0.33809033444633013
('IFG', 'dual')	0.8735540109260529	0.8928787484451374
