comparison	uncorrected_p-value	FDR-corrected_p-value
('IFG', 'sham')	0.967451885506643	0.967451885506643
('preSMA', 'sham')	0.8007895258075215	0.9659418597989241
('dual', 'sham')	0.01557210278685035	0.0934326167211021
('IFG', 'preSMA')	0.8049515498324368	0.9659418597989241
('IFG', 'dual')	0.06959314428137976	0.13918628856275952
('dual', 'preSMA')	0.058691698376112315	0.13918628856275952
