comparison	uncorrected_p-value	FDR-corrected_p-value
('IFG', 'preSMA')	0.4885554134508475	0.6666299747053553
('IFG', 'sham')	0.6666299747053553	0.6666299747053553
('IFG', 'dual')	0.43492371363511884	0.6666299747053553
('preSMA', 'sham')	0.6531421044165902	0.6666299747053553
('dual', 'preSMA')	0.21182874543279334	0.6666299747053553
('dual', 'sham')	0.2260305615251194	0.6666299747053553
