comparison	uncorrected_p-value	FDR-corrected_p-value
('IFG', 'sham')	0.31621407413979624	0.6060912130958321
('IFG', 'dual')	0.6666409195637941	0.7969792372205916
('IFG', 'preSMA')	0.4040608087305547	0.6060912130958321
('dual', 'sham')	0.24882296815852786	0.6060912130958321
('preSMA', 'sham')	0.10887278815639306	0.6060912130958321
('dual', 'preSMA')	0.7969792372205916	0.7969792372205916
