comparison	uncorrected_p-value	FDR-corrected_p-value
('dual', 'preSMA')	0.19433517759464558	0.33809033444633274
('IFG', 'dual')	0.8735540109260529	0.8928787484451397
('dual', 'sham')	0.126904561768948	0.33809033444633274
('IFG', 'preSMA')	0.22539355629755514	0.33809033444633274
('preSMA', 'sham')	0.8928787484451397	0.8928787484451397
('IFG', 'sham')	0.1507191951196652	0.33809033444633274
