comparison	uncorrected_p-value	FDR-corrected_p-value
('IFG', 'sham')	0.6489367384290224	0.7787240861148269
('preSMA', 'sham')	0.19211608925237791	0.7787240861148269
('dual', 'sham')	0.5453886927237213	0.7787240861148269
('IFG', 'preSMA')	0.34419321719475326	0.7787240861148269
('IFG', 'dual')	0.8149841660701229	0.8149841660701229
('dual', 'preSMA')	0.5494121181771008	0.7787240861148269
