comparison	uncorrected_p-value	FDR-corrected_p-value
('IFG', 'sham')	0.1507191951196643	0.33809033444633274
('preSMA', 'sham')	0.892878748445142	0.892878748445142
('dual', 'sham')	0.12690456176894727	0.33809033444633274
('IFG', 'preSMA')	0.22539355629755514	0.33809033444633274
('IFG', 'dual')	0.8735540109260529	0.892878748445142
('dual', 'preSMA')	0.19433517759464558	0.33809033444633274
