comparison	uncorrected_p-value	FDR-corrected_p-value
('IFG', 'preSMA')	0.3441932171947568	0.7787240861148238
('preSMA', 'sham')	0.19211608925237883	0.7787240861148238
('dual', 'preSMA')	0.5494121181771026	0.7787240861148238
('IFG', 'sham')	0.6489367384290199	0.7787240861148238
('IFG', 'dual')	0.8149841660701254	0.8149841660701254
('dual', 'sham')	0.5453886927237213	0.7787240861148238
