comparison	uncorrected_p-value	FDR-corrected_p-value
('preSMA', 'sham')	1.0	1.0
('dual', 'preSMA')	0.41323509845750106	0.8264701969150021
('IFG', 'preSMA')	1.0	1.0
('dual', 'sham')	0.39679975940193457	0.8264701969150021
('IFG', 'sham')	1.0	1.0
('IFG', 'dual')	0.34364099206653376	0.8264701969150021
