comparison	uncorrected_p-value	FDR-corrected_p-value
('IFG', 'preSMA')	0.6953887978142814	0.8344665573771377
('IFG', 'sham')	0.9414339383432133	0.9414339383432133
('IFG', 'dual')	0.46921072211263326	0.8344665573771377
('preSMA', 'sham')	0.6891988658168476	0.8344665573771377
('dual', 'preSMA')	0.3690374765315897	0.8344665573771377
('dual', 'sham')	0.5642041075696433	0.8344665573771377
