comparison	uncorrected_p-value	FDR-corrected_p-value
('IFG', 'sham')	0.35428850400773815	0.6523872538891685
('preSMA', 'sham')	0.5436560449076404	0.6523872538891685
('dual', 'sham')	0.45805075361849	0.6523872538891685
('IFG', 'preSMA')	0.8928744911797437	0.8928744911797437
('IFG', 'dual')	0.17583308769064013	0.6523872538891685
('dual', 'preSMA')	0.2678828014940984	0.6523872538891685
