comparison	uncorrected_p-value	FDR-corrected_p-value
('preSMA', 'sham')	0.8085380474457853	0.9702456569349422
('IFG', 'sham')	0.6820432486436732	0.9702456569349422
('dual', 'sham')	0.7083231519396843	0.9702456569349422
('IFG', 'preSMA')	0.9703741523653208	0.9703741523653208
('dual', 'preSMA')	0.587114118925576	0.9702456569349422
('IFG', 'dual')	0.4508898972163994	0.9702456569349422
