comparison	uncorrected_p-value	FDR-corrected_p-value
('IFG', 'preSMA')	0.8820148846686549	0.8936650968670448
('IFG', 'sham')	0.5710385526594546	0.886610216839134
('IFG', 'dual')	0.540191649005686	0.886610216839134
('preSMA', 'sham')	0.591073477892756	0.886610216839134
('dual', 'preSMA')	0.5513581326409015	0.886610216839134
('dual', 'sham')	0.8936650968670448	0.8936650968670448
