comparison	uncorrected_p-value	FDR-corrected_p-value
('preSMA', 'sham')	0.591073486672572	0.886610230008858
('dual', 'sham')	0.8936651076825255	0.8936651076825255
('IFG', 'sham')	0.5710385599640547	0.886610230008858
('dual', 'preSMA')	0.5513581486987614	0.886610230008858
('IFG', 'preSMA')	0.88201489430268	0.8936651076825255
('IFG', 'dual')	0.5401916656591996	0.886610230008858
