comparison	uncorrected_p-value	FDR-corrected_p-value
('IFG', 'preSMA')	0.8716580290840746	0.9313665222373636
('IFG', 'sham')	0.4672015548608185	0.9247063533367648
('IFG', 'dual')	0.419785945351562	0.9247063533367648
('preSMA', 'sham')	0.6164709022245098	0.9247063533367648
('dual', 'preSMA')	0.612879742856022	0.9247063533367648
('dual', 'sham')	0.9313665222373636	0.9313665222373636
