comparison	uncorrected_p-value	FDR-corrected_p-value
('IFG', 'sham')	0.7166746657967158	0.7769692592020051
('IFG', 'dual')	0.39158370559483213	0.7769692592020051
('IFG', 'preSMA')	0.7769692592020051	0.7769692592020051
('dual', 'sham')	0.5712785337648632	0.7769692592020051
('preSMA', 'sham')	0.6252060238983825	0.7769692592020051
('dual', 'preSMA')	0.37627525801848716	0.7769692592020051
