comparison	uncorrected_p-value	FDR-corrected_p-value
('IFG', 'preSMA')	0.6777200953640428	0.7779588831397631
('dual', 'preSMA')	0.24737035254272496	0.5999707864146978
('preSMA', 'sham')	0.7779588831397631	0.7779588831397631
('IFG', 'dual')	0.09556378855652149	0.573382731339129
('IFG', 'sham')	0.3999905530555258	0.5999858295832887
('dual', 'sham')	0.2999853932073489	0.5999707864146978
