comparison	uncorrected_p-value	FDR-corrected_p-value
('IFG', 'preSMA')	0.7769692592020081	0.7769692592020081
('IFG', 'sham')	0.7166746657967176	0.7769692592020081
('IFG', 'dual')	0.39158370559483113	0.7769692592020081
('preSMA', 'sham')	0.6252060238983861	0.7769692592020081
('dual', 'preSMA')	0.3762752580184878	0.7769692592020081
('dual', 'sham')	0.571278533764861	0.7769692592020081
