comparison	uncorrected_p-value	FDR-corrected_p-value
('preSMA', 'sham')	0.6891988658168475	0.8344665573771374
('dual', 'sham')	0.5642041075696433	0.8344665573771374
('IFG', 'sham')	0.9414339383432133	0.9414339383432133
('dual', 'preSMA')	0.3690374765315898	0.8344665573771374
('IFG', 'preSMA')	0.6953887978142812	0.8344665573771374
('IFG', 'dual')	0.46921072211263326	0.8344665573771374
