comparison	uncorrected_p-value	FDR-corrected_p-value
('dual', 'preSMA')	0.47448356097280675	0.9144077514616766
('IFG', 'dual')	0.2728117769782767	0.9144077514616766
('dual', 'sham')	0.5896770401634752	0.9144077514616766
('IFG', 'preSMA')	0.9144077514616766	0.9144077514616766
('preSMA', 'sham')	0.8621979578279868	0.9144077514616766
('IFG', 'sham')	0.7409623522176259	0.9144077514616766
