comparison	uncorrected_p-value	FDR-corrected_p-value
('IFG', 'sham')	0.6454987748915513	0.9969712901208183
('preSMA', 'sham')	0.7613088466393568	0.9969712901208183
('dual', 'sham')	0.8420648656070411	0.9969712901208183
('IFG', 'preSMA')	0.9969712901208183	0.9969712901208183
('IFG', 'dual')	0.569004650148258	0.9969712901208183
('dual', 'preSMA')	0.6651256968573318	0.9969712901208183
