comparison	uncorrected_p-value	FDR-corrected_p-value
('IFG', 'preSMA')	0.7215330252213532	0.7215330252213532
('IFG', 'sham')	0.3389717704471934	0.5084576556707902
('IFG', 'dual')	0.23663862708325434	0.5084576556707902
('preSMA', 'sham')	0.31517467342785493	0.5084576556707902
('dual', 'preSMA')	0.21372419093298398	0.5084576556707902
('dual', 'sham')	0.5566584005915911	0.6679900807099093
