comparison	uncorrected_p-value	FDR-corrected_p-value
('preSMA', 'sham')	0.8085380474457876	0.9702456569349451
('dual', 'preSMA')	0.5871141189255769	0.9702456569349451
('IFG', 'preSMA')	0.9703741523653193	0.9703741523653193
('dual', 'sham')	0.7083231519396833	0.9702456569349451
('IFG', 'sham')	0.6820432486436749	0.9702456569349451
('IFG', 'dual')	0.45088989721639916	0.9702456569349451
