comparison	uncorrected_p-value	FDR-corrected_p-value
('preSMA', 'sham')	0.4662132379953181	0.6050717863672858
('IFG', 'sham')	0.3817427143779406	0.6050717863672858
('dual', 'sham')	0.5042264886394048	0.6050717863672858
('IFG', 'preSMA')	0.8437746673069414	0.8437746673069414
('dual', 'preSMA')	0.2649273934011755	0.6050717863672858
('IFG', 'dual')	0.1896136410501358	0.6050717863672858
