comparison	uncorrected_p-value	FDR-corrected_p-value
('dual', 'preSMA')	0.24737035254272496	0.5999707864146978
('IFG', 'dual')	0.09556378855652123	0.5733827313391274
('dual', 'sham')	0.2999853932073489	0.5999707864146978
('IFG', 'preSMA')	0.6777200953640413	0.7779588831397631
('preSMA', 'sham')	0.7779588831397631	0.7779588831397631
('IFG', 'sham')	0.39999055305552444	0.5999858295832867
