comparison	uncorrected_p-value	FDR-corrected_p-value
('IFG', 'preSMA')	0.9584527359349566	0.9584527359349566
('IFG', 'sham')	0.45047169987263724	0.5577112053322827
('IFG', 'dual')	0.0818958186181632	0.3026325028060483
('preSMA', 'sham')	0.46475933777690226	0.5577112053322827
('dual', 'preSMA')	0.10087750093534943	0.3026325028060483
('dual', 'sham')	0.31108769665715785	0.5577112053322827
