comparison	uncorrected_p-value	FDR-corrected_p-value
('preSMA', 'sham')	0.809116507804373	0.9548628930569597
('IFG', 'sham')	0.7706957886090714	0.9548628930569597
('dual', 'sham')	0.5594704348986319	0.9548628930569597
('IFG', 'preSMA')	0.9548628930569597	0.9548628930569597
('dual', 'preSMA')	0.501276661548491	0.9548628930569597
('IFG', 'dual')	0.4163022756970657	0.9548628930569597
