comparison	uncorrected_p-value	FDR-corrected_p-value
('IFG', 'preSMA')	0.6777200953640428	0.7779588831397616
('preSMA', 'sham')	0.7779588831397616	0.7779588831397616
('dual', 'preSMA')	0.2473703525427241	0.5999707864146978
('IFG', 'sham')	0.39999055305552444	0.5999858295832867
('IFG', 'dual')	0.09556378855652123	0.5733827313391274
('dual', 'sham')	0.2999853932073489	0.5999707864146978
