comparison	uncorrected_p-value	FDR-corrected_p-value
('IFG', 'sham')	0.6820432486436749	0.9702456569349436
('preSMA', 'sham')	0.8085380474457864	0.9702456569349436
('dual', 'sham')	0.7083231519396855	0.9702456569349436
('IFG', 'preSMA')	0.9703741523653208	0.9703741523653208
('IFG', 'dual')	0.45088989721640127	0.9702456569349436
('dual', 'preSMA')	0.5871141189255777	0.9702456569349436
