comparison	uncorrected_p-value	FDR-corrected_p-value
('dual', 'preSMA')	0.5871141189255777	0.9702456569349422
('IFG', 'dual')	0.45088989721640127	0.9702456569349422
('dual', 'sham')	0.7083231519396866	0.9702456569349422
('IFG', 'preSMA')	0.9703741523653208	0.9703741523653208
('preSMA', 'sham')	0.8085380474457853	0.9702456569349422
('IFG', 'sham')	0.6820432486436732	0.9702456569349422
