comparison	uncorrected_p-value	FDR-corrected_p-value
('IFG', 'sham')	0.3389717704471906	0.5084576556707859
('IFG', 'dual')	0.23663862708325292	0.5084576556707859
('IFG', 'preSMA')	0.7215330252213564	0.7215330252213564
('dual', 'sham')	0.5566584005915911	0.6679900807099093
('preSMA', 'sham')	0.31517467342785493	0.5084576556707859
('dual', 'preSMA')	0.21372419093298398	0.5084576556707859
