comparison	uncorrected_p-value	FDR-corrected_p-value
('preSMA', 'sham')	0.3408931323020601	0.8210253425580138
('IFG', 'sham')	0.7591044391969161	0.8472845679507863
('dual', 'sham')	0.8472845679507863	0.8472845679507863
('IFG', 'preSMA')	0.4105126712790069	0.8210253425580138
('dual', 'preSMA')	0.2329820318768169	0.8210253425580138
('IFG', 'dual')	0.5583701172726863	0.8375551759090294
