comparison	uncorrected_p-value	FDR-corrected_p-value
('IFG', 'preSMA')	0.9703741523653193	0.9703741523653193
('dual', 'preSMA')	0.5871141189255777	0.9702456569349436
('preSMA', 'sham')	0.8085380474457864	0.9702456569349436
('IFG', 'dual')	0.45088989721640016	0.9702456569349436
('IFG', 'sham')	0.6820432486436732	0.9702456569349436
('dual', 'sham')	0.7083231519396855	0.9702456569349436
