comparison	uncorrected_p-value	FDR-corrected_p-value
('preSMA', 'sham')	0.7779588831397616	0.7779588831397616
('dual', 'preSMA')	0.24737035254272555	0.5999707864147011
('IFG', 'preSMA')	0.6777200953640428	0.7779588831397616
('dual', 'sham')	0.29998539320735057	0.5999707864147011
('IFG', 'sham')	0.39999055305552444	0.5999858295832867
('IFG', 'dual')	0.09556378855652184	0.5733827313391311
