comparison	uncorrected_p-value	FDR-corrected_p-value
('dual', 'preSMA')	0.5421039785208689	0.82108860141567
('IFG', 'dual')	0.3219428850378326	0.82108860141567
('dual', 'sham')	0.82108860141567	0.82108860141567
('IFG', 'preSMA')	0.7173541615816451	0.82108860141567
('preSMA', 'sham')	0.6895289236026361	0.82108860141567
('IFG', 'sham')	0.4100561386380278	0.82108860141567
