comparison	uncorrected_p-value	FDR-corrected_p-value
('preSMA', 'sham')	0.8646102404193181	0.9497275246919286
('dual', 'sham')	0.8028001287936286	0.9497275246919286
('IFG', 'sham')	0.17596568568611815	0.6584443407766778
('dual', 'preSMA')	0.9497275246919286	0.9497275246919286
('IFG', 'preSMA')	0.3161296618508935	0.6584443407766778
('IFG', 'dual')	0.3292221703883389	0.6584443407766778
