comparison	uncorrected_p-value	FDR-corrected_p-value
('dual', 'sham')	0.6721991701244814	0.8570173297534781
('IFG', 'sham')	0.2011227727605565	0.8570173297534781
('preSMA', 'sham')	0.7141811081278985	0.8570173297534781
('IFG', 'dual')	0.4493531852575055	0.8570173297534781
('dual', 'preSMA')	0.9621674395899439	0.9621674395899439
('IFG', 'preSMA')	0.44691237490846963	0.8570173297534781
