comparison	uncorrected_p-value	FDR-corrected_p-value
('IFG', 'preSMA')	0.9948650927231948	0.9948650927231948
('dual', 'preSMA')	0.9767807314107919	0.9948650927231948
('preSMA', 'sham')	0.5657161725280131	0.9948650927231948
('IFG', 'dual')	0.9708861685810481	0.9948650927231948
('IFG', 'sham')	0.5398169762035985	0.9948650927231948
('dual', 'sham')	0.607141348237939	0.9948650927231948
