comparison	uncorrected_p-value	FDR-corrected_p-value
('IFG', 'preSMA')	0.5317406933360628	0.6380888320032753
('IFG', 'sham')	0.47796849291615384	0.6380888320032753
('IFG', 'dual')	0.4207671109744029	0.6380888320032753
('preSMA', 'sham')	0.9521309461719591	0.9521309461719591
('dual', 'preSMA')	0.16844534475206183	0.5053360342561856
('dual', 'sham')	0.1389445219982087	0.5053360342561856
