comparison	uncorrected_p-value	FDR-corrected_p-value
('preSMA', 'sham')	0.5896997803270686	0.7076397363924823
('IFG', 'preSMA')	0.44520380766414447	0.7076397363924823
('dual', 'preSMA')	0.9423968757627532	0.9423968757627532
('IFG', 'sham')	0.1481571881864779	0.7076397363924823
('dual', 'sham')	0.5115938491579204	0.7076397363924823
('IFG', 'dual')	0.47913107151574325	0.7076397363924823
