comparison	uncorrected_p-value	FDR-corrected_p-value
('dual', 'sham')	0.8003417134488651	0.9475225774957285
('IFG', 'sham')	0.18379301928240177	0.6385159873077861
('preSMA', 'sham')	0.8601415670002441	0.9475225774957285
('IFG', 'dual')	0.31925799365389307	0.6385159873077861
('dual', 'preSMA')	0.9475225774957285	0.9475225774957285
('IFG', 'preSMA')	0.3114474005369783	0.6385159873077861
