comparison	uncorrected_p-value	FDR-corrected_p-value
('IFG', 'sham')	0.21914569456414987	0.7236411201254401
('preSMA', 'sham')	0.9138094087487105	0.9138094087487105
('dual', 'sham')	0.38646973789484274	0.7236411201254401
('IFG', 'preSMA')	0.3132974115791903	0.7236411201254401
('IFG', 'dual')	0.8178982517557127	0.9138094087487105
('dual', 'preSMA')	0.48242741341696005	0.7236411201254401
