comparison	uncorrected_p-value	FDR-corrected_p-value
('IFG', 'preSMA')	0.4329997559189651	0.86463265804247
('IFG', 'dual')	0.46302172321210644	0.86463265804247
('IFG', 'sham')	0.199658286551135	0.86463265804247
('dual', 'preSMA')	0.9699780327068587	0.9699780327068587
('preSMA', 'sham')	0.7205272150353917	0.86463265804247
('dual', 'sham')	0.6714669270197705	0.86463265804247
