comparison	uncorrected_p-value	FDR-corrected_p-value
('IFG', 'preSMA')	0.31612965181769437	0.6584442272404218
('IFG', 'sham')	0.17596568862133666	0.6584442272404218
('IFG', 'dual')	0.3292221136202109	0.6584442272404218
('preSMA', 'sham')	0.864610264818907	0.9497275918228288
('dual', 'preSMA')	0.9497275918228288	0.9497275918228288
('dual', 'sham')	0.8028002278674493	0.9497275918228288
