comparison	uncorrected_p-value	FDR-corrected_p-value
('IFG', 'preSMA')	0.31632902123505	0.6809860873810105
('IFG', 'sham')	0.17573834513058334	0.6809860873810105
('IFG', 'dual')	0.34049304369050526	0.6809860873810105
('preSMA', 'sham')	0.8694166463265804	0.9433731999023676
('dual', 'preSMA')	0.9433731999023676	0.9433731999023676
('dual', 'sham')	0.8003417134488651	0.9433731999023676
