comparison	uncorrected_p-value	FDR-corrected_p-value
('dual', 'sham')	0.7939956065413717	0.9533805223334147
('IFG', 'dual')	0.3187698315840859	0.657554308030266
('dual', 'preSMA')	0.9533805223334147	0.9533805223334147
('IFG', 'sham')	0.1686599951183793	0.657554308030266
('preSMA', 'sham')	0.8567244325115938	0.9533805223334147
('IFG', 'preSMA')	0.328777154015133	0.657554308030266
