comparison	uncorrected_p-value	FDR-corrected_p-value
('preSMA', 'sham')	0.6658261694561618	0.7989914033473942
('IFG', 'sham')	0.19296451931274322	0.5788935579382297
('dual', 'sham')	0.18433463706963518	0.5788935579382297
('IFG', 'preSMA')	0.4092676190680008	0.6139014286020013
('dual', 'preSMA')	0.36667695213619667	0.6139014286020013
('IFG', 'dual')	0.8684985006086281	0.8684985006086281
