comparison	uncorrected_p-value	FDR-corrected_p-value
('preSMA', 'sham')	0.5657161732088707	0.9948650927231948
('dual', 'preSMA')	0.9767807314107919	0.9948650927231948
('IFG', 'preSMA')	0.9948650927231948	0.9948650927231948
('dual', 'sham')	0.6071413489063296	0.9948650927231948
('IFG', 'sham')	0.5398169769054384	0.9948650927231948
('IFG', 'dual')	0.9708861685810481	0.9948650927231948
