condition	pearson_correlation	uncorrected_p-value
RTs	dual	-0.9068	1.0212281647355022e-09
log(1+RT)	dual	-0.8954	3.4453953611408617e-09
RTs	sham	-0.9069	1.0176562613046912e-09
log(1+RT)	sham	-0.9309	4.2729779179103045e-11
RTs	IFG	-0.9733	1.4733818600262331e-15
log(1+RT)	IFG	-0.955	4.3201973643112817e-13
RTs	preSMA	-0.9449	3.789537660285478e-12
log(1+RT)	preSMA	-0.8544	1.079458668496743e-07
