comparison	uncorrected_p-value	FDR-corrected_p-value
('preSMA', 'sham')	0.9113025027183889	0.9113025027183889
('IFG', 'sham')	0.6703251659144069	0.8829885164964042
('dual', 'sham')	0.26999628736368964	0.7084099111862459
('IFG', 'preSMA')	0.7358237637470035	0.8829885164964042
('dual', 'preSMA')	0.31022729018704703	0.7084099111862459
('IFG', 'dual')	0.3542049555931229	0.7084099111862459
