comparison	uncorrected_p-value	FDR-corrected_p-value
('IFG', 'sham')	0.8854662931815782	0.8854662931815782
('preSMA', 'sham')	0.22581851908716166	0.40950143904353753
('dual', 'sham')	0.13252744949489348	0.40950143904353753
('IFG', 'preSMA')	0.27300095936235835	0.40950143904353753
('IFG', 'dual')	0.15100754594127241	0.40950143904353753
('dual', 'preSMA')	0.4554211311171975	0.546505357340637
