comparison	uncorrected_p-value	FDR-corrected_p-value
('IFG', 'preSMA')	0.8603914949338157	0.8603914949338157
('IFG', 'sham')	0.4481802228264492	0.5718722745544061
('IFG', 'dual')	0.38318231787183554	0.5718722745544061
('preSMA', 'sham')	0.40937470979124424	0.5718722745544061
('dual', 'preSMA')	0.47656022879533844	0.5718722745544061
('dual', 'sham')	0.19490938086926568	0.5718722745544061
