comparison	uncorrected_p-value	FDR-corrected_p-value
('IFG', 'preSMA')	0.25358581378921996	0.44671357558027336
('dual', 'preSMA')	0.37226131298356113	0.44671357558027336
('preSMA', 'sham')	0.3620611198317304	0.44671357558027336
('IFG', 'dual')	0.06466316643412133	0.291760939274144
('IFG', 'sham')	1.0	1.0
('dual', 'sham')	0.09725364642471465	0.291760939274144
