comparison	uncorrected_p-value	FDR-corrected_p-value
('dual', 'preSMA')	0.6637468809509712	0.7954402962062634
('IFG', 'dual')	0.5539780454745721	0.7954402962062634
('dual', 'sham')	0.26030643069031745	0.7560963880360645
('IFG', 'preSMA')	0.7954402962062634	0.7954402962062634
('preSMA', 'sham')	0.3282424001491916	0.7560963880360645
('IFG', 'sham')	0.37804819401803225	0.7560963880360645
