comparison	uncorrected_p-value	FDR-corrected_p-value
('preSMA', 'sham')	0.3282424001491916	0.7560963880360607
('dual', 'preSMA')	0.6637468809509712	0.7954402962062681
('IFG', 'preSMA')	0.7954402962062681	0.7954402962062681
('dual', 'sham')	0.26030643069031734	0.7560963880360607
('IFG', 'sham')	0.37804819401803036	0.7560963880360607
('IFG', 'dual')	0.5539780454745743	0.7954402962062681
