comparison	uncorrected_p-value	FDR-corrected_p-value
('IFG', 'preSMA')	0.6364665682465276	0.8081471229627142
('IFG', 'sham')	0.40821975684989686	0.8081471229627142
('IFG', 'dual')	0.6734559358022618	0.8081471229627142
('preSMA', 'sham')	0.3246658273655412	0.8081471229627142
('dual', 'preSMA')	0.8773765523234858	0.8773765523234858
('dual', 'sham')	0.33182721632052614	0.8081471229627142
