comparison	uncorrected_p-value	FDR-corrected_p-value
('dual', 'preSMA')	0.4676736944261759	0.7015105416392639
('IFG', 'dual')	0.3767523587859146	0.7015105416392639
('dual', 'sham')	0.6814459910768768	0.8177351892922521
('IFG', 'preSMA')	0.8469662185913815	0.8469662185913815
('preSMA', 'sham')	0.21818833984474484	0.6545650195342345
('IFG', 'sham')	0.17678939600506693	0.6545650195342345
