comparison	uncorrected_p-value	FDR-corrected_p-value
('IFG', 'preSMA')	0.20642413273986993	0.559244150239772
('IFG', 'sham')	0.7659779755769165	0.7659779755769165
('IFG', 'dual')	0.20115831014056965	0.559244150239772
('preSMA', 'sham')	0.40481765291248506	0.6072264793687276
('dual', 'preSMA')	0.5903762449508082	0.7084514939409698
('dual', 'sham')	0.279622075119886	0.559244150239772
