comparison	uncorrected_p-value	FDR-corrected_p-value
('preSMA', 'sham')	0.21601173855947253	0.5529425489546851
('IFG', 'sham')	0.5659547962254572	0.6791457554705486
('dual', 'sham')	0.27647127447734254	0.5529425489546851
('IFG', 'preSMA')	0.21517158050878077	0.5529425489546851
('dual', 'preSMA')	0.9134094138247862	0.9134094138247862
('IFG', 'dual')	0.4079689310467348	0.6119533965701023
