comparison	uncorrected_p-value	FDR-corrected_p-value
('IFG', 'sham')	0.48331485984260303	0.7249722897639046
('preSMA', 'sham')	0.07524306876591966	0.45145841259551794
('dual', 'sham')	0.4598324012533975	0.7249722897639046
('IFG', 'preSMA')	0.6840633434994989	0.8075130729765807
('IFG', 'dual')	0.8075130729765807	0.8075130729765807
('dual', 'preSMA')	0.33352554099918597	0.7249722897639046
