comparison	uncorrected_p-value	FDR-corrected_p-value
('IFG', 'sham')	0.20194207237240905	0.5223584681329182
('IFG', 'dual')	0.1614145814218414	0.5223584681329182
('IFG', 'preSMA')	0.8743220562053695	0.8893520028381172
('dual', 'sham')	0.8893520028381172	0.8893520028381172
('preSMA', 'sham')	0.34823897875527876	0.5223584681329182
('dual', 'preSMA')	0.29535102217150005	0.5223584681329182
