comparison	uncorrected_p-value	FDR-corrected_p-value
('IFG', 'preSMA')	0.8234448703938672	0.8234448703938672
('IFG', 'sham')	0.3340843238197134	0.789454825362196
('IFG', 'dual')	0.751853947442298	0.8234448703938672
('preSMA', 'sham')	0.15271871398984233	0.789454825362196
('dual', 'preSMA')	0.5263032169081306	0.789454825362196
('dual', 'sham')	0.4507163762103391	0.789454825362196
