comparison	uncorrected_p-value	FDR-corrected_p-value
('preSMA', 'sham')	0.15271874982665248	0.7894548310238626
('dual', 'sham')	0.4507164318380702	0.7894548310238626
('IFG', 'sham')	0.33408435119287705	0.7894548310238626
('dual', 'preSMA')	0.5263032206825751	0.7894548310238626
('IFG', 'preSMA')	0.8234448924807113	0.8234448924807113
('IFG', 'dual')	0.7518539265608909	0.8234448924807113
