comparison	uncorrected_p-value	FDR-corrected_p-value
('preSMA', 'sham')	0.26666990738730345	0.8171248456998137
('IFG', 'sham')	0.31181282702788726	0.8171248456998137
('dual', 'sham')	0.5717974181757717	0.8171248456998137
('IFG', 'preSMA')	0.8954753243462328	0.8954753243462328
('dual', 'preSMA')	0.6026111167262289	0.8171248456998137
('IFG', 'dual')	0.6809373714165114	0.8171248456998137
