comparison	uncorrected_p-value	FDR-corrected_p-value
('IFG', 'preSMA')	0.39633189038758376	0.5858254691063827
('preSMA', 'sham')	0.2440802010956812	0.5858254691063827
('dual', 'preSMA')	0.618781127296594	0.618781127296594
('IFG', 'sham')	0.48818789092198556	0.5858254691063827
('IFG', 'dual')	0.3439358924813454	0.5858254691063827
('dual', 'sham')	0.23246590664064712	0.5858254691063827
