comparison	uncorrected_p-value	FDR-corrected_p-value
('IFG', 'sham')	0.40821975684989575	0.808147122962716
('IFG', 'dual')	0.6734559358022634	0.808147122962716
('IFG', 'preSMA')	0.6364665682465303	0.808147122962716
('dual', 'sham')	0.33182721632052614	0.808147122962716
('preSMA', 'sham')	0.3246658273655412	0.808147122962716
('dual', 'preSMA')	0.8773765523234858	0.8773765523234858
