comparison	uncorrected_p-value	FDR-corrected_p-value
('dual', 'preSMA')	0.618781127296594	0.618781127296594
('IFG', 'dual')	0.34393589248134526	0.5858254691063827
('dual', 'sham')	0.23246590664064712	0.5858254691063827
('IFG', 'preSMA')	0.39633189038758376	0.5858254691063827
('preSMA', 'sham')	0.24408020109568118	0.5858254691063827
('IFG', 'sham')	0.48818789092198556	0.5858254691063827
