comparison	uncorrected_p-value	FDR-corrected_p-value
('IFG', 'sham')	0.607141381312688	0.607141381312688
('preSMA', 'sham')	0.34912375682460783	0.607141381312688
('dual', 'sham')	0.18503785226847577	0.607141381312688
('IFG', 'preSMA')	0.5707039669573797	0.607141381312688
('IFG', 'dual')	0.29074633019563756	0.607141381312688
('dual', 'preSMA')	0.5031020927548375	0.607141381312688
