comparison	uncorrected_p-value	FDR-corrected_p-value
('preSMA', 'sham')	0.21818833984474484	0.6545650195342345
('IFG', 'sham')	0.1767893960050678	0.6545650195342345
('dual', 'sham')	0.6814459910768768	0.8177351892922521
('IFG', 'preSMA')	0.846966218591384	0.846966218591384
('dual', 'preSMA')	0.4676736944261759	0.7015105416392639
('IFG', 'dual')	0.37675235878591595	0.7015105416392639
