comparison	uncorrected_p-value	FDR-corrected_p-value
('IFG', 'preSMA')	0.33945332701433	0.6687658449681182
('IFG', 'sham')	0.604093227011399	0.7249118724136788
('IFG', 'dual')	0.44584389664541213	0.6687658449681182
('preSMA', 'sham')	0.20955263660034965	0.6687658449681182
('dual', 'preSMA')	1.0	1.0
('dual', 'sham')	0.29863678542890115	0.6687658449681182
