comparison	uncorrected_p-value	FDR-corrected_p-value
('IFG', 'preSMA')	0.8743220562053707	0.8893520028381172
('IFG', 'sham')	0.20194207237240905	0.5223584681329169
('IFG', 'dual')	0.1614145814218414	0.5223584681329169
('preSMA', 'sham')	0.3482389787552779	0.5223584681329169
('dual', 'preSMA')	0.29535102217149933	0.5223584681329169
('dual', 'sham')	0.8893520028381172	0.8893520028381172
