comparison	uncorrected_p-value	FDR-corrected_p-value
('IFG', 'sham')	0.48013504294625675	0.7202025644193851
('IFG', 'dual')	0.2808167406521494	0.7202025644193851
('IFG', 'preSMA')	0.17213326725637706	0.7202025644193851
('dual', 'sham')	0.6273021837740391	0.7527626205288469
('preSMA', 'sham')	0.4486593846048569	0.7202025644193851
('dual', 'preSMA')	0.8118910113987894	0.8118910113987894
