comparison	uncorrected_p-value	FDR-corrected_p-value
('IFG', 'preSMA')	0.27254442983054156	0.7181159660025774
('dual', 'preSMA')	0.9615969331635701	0.9615969331635701
('preSMA', 'sham')	0.5258186325352021	0.7181159660025774
('IFG', 'dual')	0.3044443312819377	0.7181159660025774
('IFG', 'sham')	0.5984299716688145	0.7181159660025774
('dual', 'sham')	0.5349540956352579	0.7181159660025774
