comparison	uncorrected_p-value	FDR-corrected_p-value
('dual', 'preSMA')	0.9615969331635719	0.9615969331635719
('IFG', 'dual')	0.30444433128193527	0.718115966002569
('dual', 'sham')	0.5349540956352593	0.718115966002569
('IFG', 'preSMA')	0.2725444298305381	0.718115966002569
('preSMA', 'sham')	0.5258186325352021	0.718115966002569
('IFG', 'sham')	0.5984299716688075	0.718115966002569
