comparison	uncorrected_p-value	FDR-corrected_p-value
('IFG', 'preSMA')	0.17213326725637706	0.7202025644193881
('IFG', 'sham')	0.48013504294625875	0.7202025644193881
('IFG', 'dual')	0.28081674065215023	0.7202025644193881
('preSMA', 'sham')	0.44865938460485555	0.7202025644193881
('dual', 'preSMA')	0.8118910113987877	0.8118910113987877
('dual', 'sham')	0.6273021837740391	0.7527626205288469
