comparison	uncorrected_p-value	FDR-corrected_p-value
('IFG', 'preSMA')	0.46130744729622697	0.8971050047290945
('IFG', 'sham')	0.23335837880499258	0.7000751364149778
('IFG', 'dual')	0.22580607455031004	0.7000751364149778
('preSMA', 'sham')	0.8971050047290945	0.8971050047290945
('dual', 'preSMA')	0.7263588150849899	0.8971050047290945
('dual', 'sham')	0.772211474686605	0.8971050047290945
