comparison	uncorrected_p-value	FDR-corrected_p-value
('IFG', 'preSMA')	0.3692702269514688	0.5654961927361717
('IFG', 'sham')	0.4712468272801431	0.5654961927361717
('IFG', 'dual')	0.39096949197863284	0.5654961927361717
('preSMA', 'sham')	0.12321047005696224	0.41419423208686673
('dual', 'preSMA')	1.0	1.0
('dual', 'sham')	0.13806474402895558	0.41419423208686673
