comparison	uncorrected_p-value	FDR-corrected_p-value
('preSMA', 'sham')	0.06655112365851217	0.399306741951073
('IFG', 'sham')	0.19323228045181254	0.5796968413554376
('dual', 'sham')	0.30651899407977057	0.6130379881595411
('IFG', 'preSMA')	0.49138699486591964	0.618559477687208
('dual', 'preSMA')	0.5154662314060067	0.618559477687208
('IFG', 'dual')	0.915772182954071	0.915772182954071
