comparison	uncorrected_p-value	FDR-corrected_p-value
('preSMA', 'sham')	0.021996758119047756	0.13198054871428655
('dual', 'preSMA')	0.18933426453870036	0.37866852907740073
('IFG', 'preSMA')	0.11790565064269974	0.35371695192809927
('dual', 'sham')	0.3869850086837888	0.47871355332350474
('IFG', 'sham')	0.3989279611029206	0.47871355332350474
('IFG', 'dual')	0.8942616946536552	0.8942616946536552
