comparison	uncorrected_p-value	FDR-corrected_p-value
('IFG', 'preSMA')	0.5651878388939708	0.9795427645977735
('IFG', 'sham')	0.49948340034713334	0.9795427645977735
('IFG', 'dual')	0.5884453466640494	0.9795427645977735
('preSMA', 'sham')	0.8955641368874192	0.9795427645977735
('dual', 'preSMA')	0.9795427645977735	0.9795427645977735
('dual', 'sham')	0.877189998064162	0.9795427645977735
