comparison	uncorrected_p-value	FDR-corrected_p-value
('preSMA', 'sham')	0.8971050979964954	0.8971050979964954
('dual', 'sham')	0.7722113654821484	0.8971050979964954
('IFG', 'sham')	0.23335843535041137	0.7000753060512341
('dual', 'preSMA')	0.7263588029391794	0.8971050979964954
('IFG', 'preSMA')	0.46130743891802095	0.8971050979964954
('IFG', 'dual')	0.22580606496350472	0.7000753060512341
