comparison	uncorrected_p-value	FDR-corrected_p-value
('IFG', 'preSMA')	0.8654794555494283	0.8654794555494283
('preSMA', 'sham')	0.33636988280818747	0.8654794555494283
('dual', 'preSMA')	0.7461047037311721	0.8654794555494283
('IFG', 'sham')	0.2595729319051037	0.8654794555494283
('IFG', 'dual')	0.6235735215051439	0.8654794555494283
('dual', 'sham')	0.5272797866225948	0.8654794555494283
