comparison	uncorrected_p-value	FDR-corrected_p-value
('IFG', 'sham')	0.6667435015687657	0.9791333198004202
('preSMA', 'sham')	0.7675510476038601	0.9791333198004202
('dual', 'sham')	0.7312146270001485	0.9791333198004202
('IFG', 'preSMA')	0.948503036049179	0.9791333198004202
('IFG', 'dual')	0.9791333198004202	0.9791333198004202
('dual', 'preSMA')	0.9674584742255845	0.9791333198004202
