comparison	uncorrected_p-value	FDR-corrected_p-value
('preSMA', 'sham')	0.5258186325352021	0.7181159660025744
('IFG', 'sham')	0.5984299716688121	0.7181159660025744
('dual', 'sham')	0.5349540956352594	0.7181159660025744
('IFG', 'preSMA')	0.2725444298305405	0.7181159660025744
('dual', 'preSMA')	0.9615969331635719	0.9615969331635719
('IFG', 'dual')	0.3044443312819377	0.7181159660025744
