comparison	uncorrected_p-value	FDR-corrected_p-value
('IFG', 'sham')	0.18077176308724047	0.5891122444936925
('preSMA', 'sham')	0.955969313172552	0.9704293498841108
('dual', 'sham')	0.9704293498841108	0.9704293498841108
('IFG', 'preSMA')	0.29455612224684624	0.5891122444936925
('IFG', 'dual')	0.22438624804620214	0.5891122444936925
('dual', 'preSMA')	0.9333547293402451	0.9704293498841108
