comparison	uncorrected_p-value	FDR-corrected_p-value
('preSMA', 'sham')	0.5192360410222924	0.8505227630443079
('IFG', 'sham')	0.7087689692035899	0.8505227630443079
('dual', 'sham')	0.5708791305214033	0.8505227630443079
('IFG', 'preSMA')	0.33484496029610766	0.8505227630443079
('dual', 'preSMA')	0.9709582048254346	0.9709582048254346
('IFG', 'dual')	0.4053923968932365	0.8505227630443079
