comparison	uncorrected_p-value	FDR-corrected_p-value
('preSMA', 'sham')	0.8359174841347776	0.9091715847972641
('IFG', 'sham')	0.6421040656502646	0.9091715847972641
('dual', 'sham')	0.9091715847972641	0.9091715847972641
('IFG', 'preSMA')	0.8779643330901497	0.9091715847972641
('dual', 'preSMA')	0.9042720891374327	0.9091715847972641
('IFG', 'dual')	0.7148035213566639	0.9091715847972641
