comparison	uncorrected_p-value	FDR-corrected_p-value
('IFG', 'sham')	0.13817227742790414	0.20725841614185622
('preSMA', 'sham')	0.12699009229359728	0.20725841614185622
('dual', 'sham')	0.37053501866772165	0.44464202240126594
('IFG', 'preSMA')	0.0010289064387398105	0.006173438632438863
('IFG', 'dual')	0.012743290368989448	0.03822987110696834
('dual', 'preSMA')	0.5109213457490078	0.5109213457490078
