comparison	uncorrected_p-value	FDR-corrected_p-value
('IFG', 'preSMA')	0.6751123572448451	0.845576824327622
('IFG', 'sham')	0.6867518622508348	0.845576824327622
('IFG', 'dual')	0.7046473536063518	0.845576824327622
('preSMA', 'sham')	0.4900978419135993	0.845576824327622
('dual', 'preSMA')	0.5031178537400551	0.845576824327622
('dual', 'sham')	0.9871428804356996	0.9871428804356996
