comparison	uncorrected_p-value	FDR-corrected_p-value
('IFG', 'sham')	0.47125325950999575	0.9287173043570138
('preSMA', 'sham')	0.8416678693735627	0.9287173043570138
('dual', 'sham')	0.9108040090471634	0.9287173043570138
('IFG', 'preSMA')	0.6219853445742702	0.9287173043570138
('IFG', 'dual')	0.5477145594356501	0.9287173043570138
('dual', 'preSMA')	0.9287173043570138	0.9287173043570138
