comparison	uncorrected_p-value	FDR-corrected_p-value
('IFG', 'preSMA')	0.11790565064269974	0.35371695192809927
('dual', 'preSMA')	0.18933426453870048	0.37866852907740095
('preSMA', 'sham')	0.021996758119047756	0.13198054871428655
('IFG', 'dual')	0.8942616946536552	0.8942616946536552
('IFG', 'sham')	0.3989279611029206	0.47871355332350474
('dual', 'sham')	0.38698500868378893	0.47871355332350474
