comparison	uncorrected_p-value	FDR-corrected_p-value
('preSMA', 'sham')	0.7675510476038584	0.9791333198004223
('IFG', 'sham')	0.6667435015687629	0.9791333198004223
('dual', 'sham')	0.7312146270001485	0.9791333198004223
('IFG', 'preSMA')	0.948503036049179	0.9791333198004223
('dual', 'preSMA')	0.967458474225583	0.9791333198004223
('IFG', 'dual')	0.9791333198004223	0.9791333198004223
