comparison	uncorrected_p-value	FDR-corrected_p-value
('IFG', 'sham')	0.6692804779136431	0.9291242863366368
('preSMA', 'sham')	0.774270238613864	0.9291242863366368
('dual', 'sham')	0.6933076673045413	0.9291242863366368
('IFG', 'preSMA')	0.5116344632844508	0.9291242863366368
('IFG', 'dual')	0.3498893167093401	0.9291242863366368
('dual', 'preSMA')	0.9949049305836564	0.9949049305836564
