comparison	uncorrected_p-value	FDR-corrected_p-value
('IFG', 'sham')	0.45662177076375243	0.9540515465424927
('preSMA', 'sham')	0.8814699879619796	0.9540515465424927
('dual', 'sham')	0.9540515465424927	0.9540515465424927
('IFG', 'preSMA')	0.5239005656578748	0.9540515465424927
('IFG', 'dual')	0.3901941169783405	0.9540515465424927
('dual', 'preSMA')	0.9031115002523507	0.9540515465424927
