comparison	uncorrected_p-value	FDR-corrected_p-value
('IFG', 'preSMA')	0.9304694844458918	0.9304694844458918
('IFG', 'sham')	0.7363818852255273	0.8836582622706327
('IFG', 'dual')	0.3581967668366083	0.8836582622706327
('preSMA', 'sham')	0.7085549267762725	0.8836582622706327
('dual', 'preSMA')	0.3754624517730242	0.8836582622706327
('dual', 'sham')	0.6492762237054395	0.8836582622706327
