comparison	uncorrected_p-value	FDR-corrected_p-value
('IFG', 'preSMA')	0.9727953039354054	0.9727953039354054
('IFG', 'sham')	0.6405199306261387	0.9640156566938045
('IFG', 'dual')	0.37222947708711873	0.9640156566938045
('preSMA', 'sham')	0.7247115989404256	0.9640156566938045
('dual', 'preSMA')	0.5174956907809405	0.9640156566938045
('dual', 'sham')	0.8033463805781704	0.9640156566938045
