comparison	uncorrected_p-value	FDR-corrected_p-value
('IFG', 'preSMA')	0.7979718723930862	0.9146140792366577
('preSMA', 'sham')	0.9146140792366577	0.9146140792366577
('dual', 'preSMA')	0.4748660287882026	0.9146140792366577
('IFG', 'sham')	0.8574026222141162	0.9146140792366577
('IFG', 'dual')	0.4784380723643874	0.9146140792366577
('dual', 'sham')	0.42832462842819574	0.9146140792366577
