comparison	uncorrected_p-value	FDR-corrected_p-value
('IFG', 'sham')	0.8326172783903023	0.9054271068187572
('IFG', 'dual')	0.9054271068187572	0.9054271068187572
('IFG', 'preSMA')	0.726273587076387	0.9054271068187572
('dual', 'sham')	0.8855978694089148	0.9054271068187572
('preSMA', 'sham')	0.8817279075726121	0.9054271068187572
('dual', 'preSMA')	0.754896605528323	0.9054271068187572
