comparison	uncorrected_p-value	FDR-corrected_p-value
('IFG', 'preSMA')	0.5293748457291648	0.7940622685937473
('IFG', 'sham')	0.9311519869976359	0.9311519869976359
('IFG', 'dual')	0.4405216964361721	0.7940622685937473
('preSMA', 'sham')	0.43654150512201617	0.7940622685937473
('dual', 'preSMA')	0.7750591337692955	0.9300709605231545
('dual', 'sham')	0.362575990784477	0.7940622685937473
