comparison	uncorrected_p-value	FDR-corrected_p-value
('IFG', 'preSMA')	0.9245616994871038	0.9245616994871038
('preSMA', 'sham')	0.8165088606682784	0.9245616994871038
('dual', 'preSMA')	0.6506615206833801	0.9245616994871038
('IFG', 'sham')	0.7150117508509556	0.9245616994871038
('IFG', 'dual')	0.5228491257267305	0.9245616994871038
('dual', 'sham')	0.8341653661915935	0.9245616994871038
