comparison	uncorrected_p-value	FDR-corrected_p-value
('IFG', 'preSMA')	0.48576977594102577	0.852031071246257
('IFG', 'sham')	0.5462650006227217	0.852031071246257
('IFG', 'dual')	0.6005292016211433	0.852031071246257
('preSMA', 'sham')	0.762502628050899	0.852031071246257
('dual', 'preSMA')	0.6671599812486468	0.852031071246257
('dual', 'sham')	0.852031071246257	0.852031071246257
