comparison	uncorrected_p-value	FDR-corrected_p-value
('preSMA', 'sham')	0.6887735550513807	0.9367526471787972
('IFG', 'sham')	0.9796239464656473	0.9796239464656473
('dual', 'sham')	0.7720353504510562	0.9367526471787972
('IFG', 'preSMA')	0.6607787979676079	0.9367526471787972
('dual', 'preSMA')	0.4860388162432522	0.9367526471787972
('IFG', 'dual')	0.780627205982331	0.9367526471787972
