comparison	uncorrected_p-value	FDR-corrected_p-value
('preSMA', 'sham')	0.6568186917940351	0.9290629236493793
('IFG', 'sham')	0.6304046540575369	0.9290629236493793
('dual', 'sham')	0.7742191030411494	0.9290629236493793
('IFG', 'preSMA')	0.9786244184784705	0.9786244184784705
('dual', 'preSMA')	0.41379722010012643	0.9290629236493793
('IFG', 'dual')	0.3539688810826336	0.9290629236493793
