comparison	uncorrected_p-value	FDR-corrected_p-value
('preSMA', 'sham')	0.8165088606682804	0.9245616994871027
('dual', 'preSMA')	0.650661520683383	0.9245616994871027
('IFG', 'preSMA')	0.9245616994871027	0.9245616994871027
('dual', 'sham')	0.8341653661915946	0.9245616994871027
('IFG', 'sham')	0.7150117508509566	0.9245616994871027
('IFG', 'dual')	0.5228491257267325	0.9245616994871027
