comparison	uncorrected_p-value	FDR-corrected_p-value
('IFG', 'sham')	0.7765447935696906	0.9294687302345286
('preSMA', 'sham')	0.7470885756878081	0.9294687302345286
('dual', 'sham')	0.8108315059359881	0.9294687302345286
('IFG', 'preSMA')	0.9294687302345286	0.9294687302345286
('IFG', 'dual')	0.5262684137776438	0.9294687302345286
('dual', 'preSMA')	0.5346930197534798	0.9294687302345286
