comparison	uncorrected_p-value	FDR-corrected_p-value
('IFG', 'preSMA')	0.924561699487105	0.924561699487105
('dual', 'preSMA')	0.6506615206833812	0.924561699487105
('preSMA', 'sham')	0.8165088606682784	0.924561699487105
('IFG', 'dual')	0.5228491257267325	0.924561699487105
('IFG', 'sham')	0.7150117508509566	0.924561699487105
('dual', 'sham')	0.8341653661915946	0.924561699487105
