comparison	uncorrected_p-value	FDR-corrected_p-value
('IFG', 'preSMA')	0.5116344632844508	0.9291242863366355
('dual', 'preSMA')	0.9949049305836564	0.9949049305836564
('preSMA', 'sham')	0.7742702386138629	0.9291242863366355
('IFG', 'dual')	0.3498893167093401	0.9291242863366355
('IFG', 'sham')	0.6692804779136445	0.9291242863366355
('dual', 'sham')	0.6933076673045397	0.9291242863366355
