comparison	uncorrected_p-value	FDR-corrected_p-value
('IFG', 'sham')	0.8077786286432116	0.8592431113412421
('preSMA', 'sham')	0.49815351968648447	0.7472302795297268
('dual', 'sham')	0.1360782313528873	0.720118958288584
('IFG', 'preSMA')	0.8592431113412421	0.8592431113412421
('IFG', 'dual')	0.439548445508966	0.7472302795297268
('dual', 'preSMA')	0.24003965276286132	0.720118958288584
