comparison	uncorrected_p-value	FDR-corrected_p-value
('IFG', 'preSMA')	0.7262735870763881	0.9054271068187572
('IFG', 'sham')	0.8326172783903023	0.9054271068187572
('IFG', 'dual')	0.9054271068187572	0.9054271068187572
('preSMA', 'sham')	0.8817279075726133	0.9054271068187572
('dual', 'preSMA')	0.7548966055283244	0.9054271068187572
('dual', 'sham')	0.8855978694089148	0.9054271068187572
