comparison	uncorrected_p-value	FDR-corrected_p-value
('preSMA', 'sham')	0.7085549165632141	0.8836582446024401
('dual', 'sham')	0.6492762331399153	0.8836582446024401
('IFG', 'sham')	0.7363818705020335	0.8836582446024401
('dual', 'preSMA')	0.37546245268377065	0.8836582446024401
('IFG', 'preSMA')	0.9304694874022513	0.9304694874022513
('IFG', 'dual')	0.3581967645449089	0.8836582446024401
