comparison	uncorrected_p-value	FDR-corrected_p-value
('preSMA', 'sham')	0.43654150512201617	0.8568827310072495
('IFG', 'sham')	0.8568827310072495	0.8568827310072495
('dual', 'sham')	0.37463743823101003	0.8568827310072495
('IFG', 'preSMA')	0.5942917052942809	0.8568827310072495
('dual', 'preSMA')	0.8008406982670617	0.8568827310072495
('IFG', 'dual')	0.5036144838110266	0.8568827310072495
