comparison	uncorrected_p-value	FDR-corrected_p-value
('preSMA', 'sham')	0.4315787458484175	0.8909928457434522
('dual', 'preSMA')	0.8909928457434522	0.8909928457434522
('IFG', 'preSMA')	0.7162273521484992	0.8909928457434522
('dual', 'sham')	0.4568589105291986	0.8909928457434522
('IFG', 'sham')	0.871658029084075	0.8909928457434522
('IFG', 'dual')	0.6842810720028037	0.8909928457434522
