comparison	uncorrected_p-value	FDR-corrected_p-value
('preSMA', 'sham')	0.10731977299473425	0.2146395459894685
('dual', 'sham')	0.07425693860963992	0.2146395459894685
('IFG', 'sham')	0.07270593072855633	0.2146395459894685
('dual', 'preSMA')	0.7971798496654561	0.7971798496654561
('IFG', 'preSMA')	0.3403526626522425	0.45424796195491407
('IFG', 'dual')	0.37853996829576175	0.45424796195491407
