comparison	uncorrected_p-value	FDR-corrected_p-value
('preSMA', 'sham')	0.04354058235648692	0.21867667045235012
('IFG', 'sham')	0.10933833522617506	0.21867667045235012
('dual', 'sham')	0.09346827606788372	0.21867667045235012
('IFG', 'preSMA')	0.27160131894545336	0.40740197841818004
('dual', 'preSMA')	0.628782805763626	0.628782805763626
('IFG', 'dual')	0.5414478739942712	0.628782805763626
