comparison	uncorrected_p-value	FDR-corrected_p-value
('IFG', 'sham')	0.06975877550282673	0.1759995596297602
('preSMA', 'sham')	0.0879997798148801	0.1759995596297602
('dual', 'sham')	0.043881900783923955	0.1759995596297602
('IFG', 'preSMA')	0.3870774793922078	0.5146985079546269
('IFG', 'dual')	0.42891542329552246	0.5146985079546269
('dual', 'preSMA')	0.7926358055910798	0.7926358055910798
