comparison	uncorrected_p-value	FDR-corrected_p-value
('preSMA', 'sham')	0.0248120246654791	0.07443607399643731
('dual', 'preSMA')	0.3423284099209878	0.41079409190518534
('IFG', 'preSMA')	0.014182183014550119	0.07443607399643731
('dual', 'sham')	0.07872613754757317	0.11808920632135976
('IFG', 'sham')	0.8174241482456037	0.8174241482456037
('IFG', 'dual')	0.05100014711764781	0.10200029423529562
