comparison	uncorrected_p-value	FDR-corrected_p-value
('dual', 'preSMA')	0.36984029896995874	0.6611658915977955
('IFG', 'dual')	0.7421092159495288	0.8355599523302977
('dual', 'sham')	0.20465748067845016	0.6139724420353505
('IFG', 'preSMA')	0.440777261065197	0.6611658915977955
('preSMA', 'sham')	0.8355599523302977	0.8355599523302977
('IFG', 'sham')	0.1987302805426189	0.6139724420353505
