comparison	uncorrected_p-value	FDR-corrected_p-value
('preSMA', 'sham')	0.8266445664887341	0.8829242435790416
('IFG', 'sham')	0.3975933475386879	0.7828359076298879
('dual', 'sham')	0.3865590758642454	0.7828359076298879
('IFG', 'preSMA')	0.5218906050865919	0.7828359076298879
('dual', 'preSMA')	0.4847246492981363	0.7828359076298879
('IFG', 'dual')	0.8829242435790416	0.8829242435790416
