comparison	uncorrected_p-value	FDR-corrected_p-value
('IFG', 'sham')	0.031877614133305573	0.16486077270738175
('preSMA', 'sham')	0.08725836361977093	0.17451672723954187
('dual', 'sham')	0.05495359090246058	0.16486077270738175
('IFG', 'preSMA')	0.4223013319354443	0.6334519979031664
('IFG', 'dual')	0.6133791024142825	0.6750005336629818
('dual', 'preSMA')	0.6750005336629818	0.6750005336629818
