comparison	uncorrected_p-value	FDR-corrected_p-value
('IFG', 'preSMA')	0.3403526626918656	0.4542479800462248
('IFG', 'sham')	0.0727059161290398	0.2146395344900591
('IFG', 'dual')	0.378539983371854	0.4542479800462248
('preSMA', 'sham')	0.10731976724502955	0.2146395344900591
('dual', 'preSMA')	0.797179840042342	0.797179840042342
('dual', 'sham')	0.07425693885815327	0.2146395344900591
