comparison	uncorrected_p-value	FDR-corrected_p-value
('preSMA', 'sham')	0.08799977981488048	0.17599955962976097
('IFG', 'sham')	0.0697587755028276	0.17599955962976097
('dual', 'sham')	0.04388190078392427	0.17599955962976097
('IFG', 'preSMA')	0.3870774793922078	0.5146985079546269
('dual', 'preSMA')	0.7926358055910798	0.7926358055910798
('IFG', 'dual')	0.42891542329552246	0.5146985079546269
