comparison	uncorrected_p-value	FDR-corrected_p-value
('IFG', 'preSMA')	0.22470365672577286	0.26964438807092744
('IFG', 'sham')	0.1457336973939323	0.26964438807092744
('IFG', 'dual')	0.2103342000589406	0.26964438807092744
('preSMA', 'sham')	0.057562469013737606	0.17268740704121283
('dual', 'preSMA')	0.7453482287593336	0.7453482287593336
('dual', 'sham')	0.022118708407296284	0.1327122504437777
