comparison	uncorrected_p-value	FDR-corrected_p-value
('IFG', 'sham')	0.24651490448192487	0.8012344361070982
('preSMA', 'sham')	0.9964013008033177	0.9964013008033177
('dual', 'sham')	0.4204541984446668	0.8012344361070982
('IFG', 'preSMA')	0.4290201001705628	0.8012344361070982
('IFG', 'dual')	0.9357229720127292	0.9964013008033177
('dual', 'preSMA')	0.5341562907380655	0.8012344361070982
