comparison	uncorrected_p-value	FDR-corrected_p-value
('IFG', 'sham')	0.8934721170434752	0.8934721170434752
('preSMA', 'sham')	0.05026925371496679	0.15080776114490038
('dual', 'sham')	0.3589617143404863	0.4307540572085835
('IFG', 'preSMA')	0.038204999615088386	0.15080776114490038
('IFG', 'dual')	0.3383192529489303	0.4307540572085835
('dual', 'preSMA')	0.13358794715276334	0.2671758943055267
