comparison	uncorrected_p-value	FDR-corrected_p-value
('IFG', 'preSMA')	0.30815573344003144	0.46223360016004716
('IFG', 'sham')	0.2988890215532558	0.46223360016004716
('IFG', 'dual')	0.5138539301338181	0.6166247161605817
('preSMA', 'sham')	0.689040226035931	0.689040226035931
('dual', 'preSMA')	0.15926111580587177	0.46223360016004716
('dual', 'sham')	0.12064391398411288	0.46223360016004716
