comparison	uncorrected_p-value	FDR-corrected_p-value
('IFG', 'preSMA')	0.7657239154245821	0.9188686985094985
('IFG', 'sham')	0.5789091718287871	0.9188686985094985
('IFG', 'dual')	0.6646454561209211	0.9188686985094985
('preSMA', 'sham')	0.9863251321401776	0.9863251321401776
('dual', 'preSMA')	0.5615427116099329	0.9188686985094985
('dual', 'sham')	0.3825811393557662	0.9188686985094985
