comparison	uncorrected_p-value	FDR-corrected_p-value
('IFG', 'preSMA')	0.2572468571362966	0.4662436481597987
('preSMA', 'sham')	0.0480876596457061	0.21629145599443775
('dual', 'preSMA')	0.7161141521103824	0.7161141521103824
('IFG', 'sham')	0.3505028080719441	0.4662436481597987
('IFG', 'dual')	0.38853637346649894	0.4662436481597987
('dual', 'sham')	0.07209715199814591	0.21629145599443775
