comparison	uncorrected_p-value	FDR-corrected_p-value
('IFG', 'sham')	0.915772182954071	0.915772182954071
('IFG', 'dual')	0.18933426453870036	0.33412193678587737
('IFG', 'preSMA')	0.06466316643412127	0.2574243475258385
('dual', 'sham')	0.22274795785725157	0.33412193678587737
('preSMA', 'sham')	0.08580811584194616	0.2574243475258385
('dual', 'preSMA')	0.43891015520716226	0.5266921862485947
