comparison	uncorrected_p-value	FDR-corrected_p-value
('IFG', 'preSMA')	0.4407772610651963	0.6611658915977945
('preSMA', 'sham')	0.8355599523302967	0.8355599523302967
('dual', 'preSMA')	0.36984029896995874	0.6611658915977945
('IFG', 'sham')	0.19873028054261893	0.613972442035352
('IFG', 'dual')	0.7421092159495303	0.8355599523302967
('dual', 'sham')	0.20465748067845063	0.613972442035352
