comparison	uncorrected_p-value	FDR-corrected_p-value
('preSMA', 'sham')	0.9863250745556921	0.9863250745556921
('dual', 'sham')	0.38258115171735707	0.9188686594514414
('IFG', 'sham')	0.5789091946773226	0.9188686594514414
('dual', 'preSMA')	0.5615426905593204	0.9188686594514414
('IFG', 'preSMA')	0.7657238828762012	0.9188686594514414
('IFG', 'dual')	0.6646454582196017	0.9188686594514414
