comparison	uncorrected_p-value	FDR-corrected_p-value
('preSMA', 'sham')	0.8355599523302986	0.8355599523302986
('dual', 'preSMA')	0.3698402989699606	0.6611658915977975
('IFG', 'preSMA')	0.4407772610651983	0.6611658915977975
('dual', 'sham')	0.2046574806784513	0.613972442035354
('IFG', 'sham')	0.19873028054261976	0.613972442035354
('IFG', 'dual')	0.7421092159495303	0.8355599523302986
