comparison	uncorrected_p-value	FDR-corrected_p-value
('dual', 'preSMA')	0.7926358055910818	0.7926358055910818
('IFG', 'dual')	0.42891542329552246	0.5146985079546269
('dual', 'sham')	0.04388190078392427	0.17599955962976188
('IFG', 'preSMA')	0.38707747939220927	0.5146985079546269
('preSMA', 'sham')	0.08799977981488094	0.17599955962976188
('IFG', 'sham')	0.0697587755028276	0.17599955962976188
