comparison	uncorrected_p-value	FDR-corrected_p-value
('IFG', 'preSMA')	0.409249365295264	0.4910992383543168
('IFG', 'sham')	0.36927022695146905	0.4910992383543168
('IFG', 'dual')	0.2940315747240081	0.4910992383543168
('preSMA', 'sham')	0.14101514649136124	0.42304543947408374
('dual', 'preSMA')	0.8330314139792263	0.8330314139792263
('dual', 'sham')	0.0950926615622094	0.42304543947408374
