comparison	uncorrected_p-value	FDR-corrected_p-value
('IFG', 'preSMA')	0.440777261065197	0.6611658915977955
('dual', 'preSMA')	0.36984029896995874	0.6611658915977955
('preSMA', 'sham')	0.8355599523302967	0.8355599523302967
('IFG', 'dual')	0.7421092159495288	0.8355599523302967
('IFG', 'sham')	0.19873028054261976	0.613972442035352
('dual', 'sham')	0.20465748067845063	0.613972442035352
