comparison	uncorrected_p-value	FDR-corrected_p-value
('IFG', 'sham')	0.1457336973939323	0.2696443880709268
('IFG', 'dual')	0.2103342000589406	0.2696443880709268
('IFG', 'preSMA')	0.22470365672577233	0.2696443880709268
('dual', 'sham')	0.022118708407296284	0.1327122504437777
('preSMA', 'sham')	0.05756246901373743	0.1726874070412123
('dual', 'preSMA')	0.7453482287593324	0.7453482287593324
