comparison	uncorrected_p-value	FDR-corrected_p-value
('preSMA', 'sham')	0.043598965991686875	0.13079689797506064
('IFG', 'sham')	0.7224093540480869	0.7224093540480869
('dual', 'sham')	0.4106283875013511	0.49275406500162133
('IFG', 'preSMA')	0.00558941561065191	0.03353649366391146
('dual', 'preSMA')	0.1252089897646722	0.20725841614185583
('IFG', 'dual')	0.1381722774279039	0.20725841614185583
