comparison	uncorrected_p-value	FDR-corrected_p-value
('preSMA', 'sham')	0.8355599523302977	0.8355599523302977
('IFG', 'sham')	0.19873028054261813	0.6139724420353505
('dual', 'sham')	0.20465748067845016	0.6139724420353505
('IFG', 'preSMA')	0.4407772610651963	0.6611658915977945
('dual', 'preSMA')	0.36984029896995874	0.6611658915977945
('IFG', 'dual')	0.7421092159495303	0.8355599523302977
