comparison	uncorrected_p-value	FDR-corrected_p-value
('IFG', 'preSMA')	0.809237631997352	0.9014426242398315
('preSMA', 'sham')	0.32487695720461207	0.6497539144092241
('dual', 'preSMA')	0.6970811332715634	0.9014426242398315
('IFG', 'sham')	0.2691607511072882	0.6497539144092241
('IFG', 'dual')	0.9014426242398315	0.9014426242398315
('dual', 'sham')	0.22182943669373026	0.6497539144092241
