comparison	uncorrected_p-value	FDR-corrected_p-value
('IFG', 'preSMA')	0.620612009131206	0.7779034459099894
('dual', 'preSMA')	0.5625850201297184	0.7779034459099894
('preSMA', 'sham')	0.7199412613322476	0.7779034459099894
('IFG', 'dual')	0.36480769760282505	0.7779034459099894
('IFG', 'sham')	0.4284880460550784	0.7779034459099894
('dual', 'sham')	0.7779034459099894	0.7779034459099894
