comparison	uncorrected_p-value	FDR-corrected_p-value
('preSMA', 'sham')	0.38816803758191387	0.9474102863316324
('IFG', 'sham')	0.7293932267232286	0.9474102863316324
('dual', 'sham')	1.0	1.0
('IFG', 'preSMA')	0.5014380767114743	0.9474102863316324
('dual', 'preSMA')	0.45685891052919847	0.9474102863316324
('IFG', 'dual')	0.789508571943027	0.9474102863316324
