comparison	uncorrected_p-value	FDR-corrected_p-value
('IFG', 'preSMA')	0.9837042133461358	0.9837042133461358
('IFG', 'sham')	0.1810606822771822	0.5431820468315466
('IFG', 'dual')	0.5947786416576764	0.7137343699892116
('preSMA', 'sham')	0.1652249612467828	0.5431820468315466
('dual', 'preSMA')	0.5575241143921552	0.7137343699892116
('dual', 'sham')	0.3040641766969053	0.6081283533938106
