comparison	uncorrected_p-value	FDR-corrected_p-value
('IFG', 'preSMA')	0.8369460888311983	0.8617609965771403
('IFG', 'sham')	0.2729224578007271	0.6249330897980332
('IFG', 'dual')	0.8617609965771403	0.8617609965771403
('preSMA', 'sham')	0.3124665448990166	0.6249330897980332
('dual', 'preSMA')	0.6766108187689719	0.8617609965771403
('dual', 'sham')	0.205350296475648	0.6249330897980332
