comparison	uncorrected_p-value	FDR-corrected_p-value
('preSMA', 'sham')	0.4475382223927239	0.9060184280486332
('dual', 'preSMA')	0.5713776119935003	0.9060184280486332
('IFG', 'preSMA')	0.6556061203747034	0.9060184280486332
('dual', 'sham')	0.9060184280486332	0.9060184280486332
('IFG', 'sham')	0.6361065541694432	0.9060184280486332
('IFG', 'dual')	0.789508571943027	0.9060184280486332
