comparison	uncorrected_p-value	FDR-corrected_p-value
('IFG', 'sham')	0.3168874463251067	0.604018071349417
('preSMA', 'sham')	0.40267871423294466	0.604018071349417
('dual', 'sham')	0.8968302207655161	0.8968302207655161
('IFG', 'preSMA')	0.8575503835770418	0.8968302207655161
('IFG', 'dual')	0.3224619884467802	0.604018071349417
('dual', 'preSMA')	0.39099773282050354	0.604018071349417
