comparison	uncorrected_p-value	FDR-corrected_p-value
('IFG', 'sham')	0.27292245780072794	0.6249330897980311
('IFG', 'dual')	0.8617609965771391	0.8617609965771391
('IFG', 'preSMA')	0.8369460888312019	0.8617609965771391
('dual', 'sham')	0.205350296475648	0.6249330897980311
('preSMA', 'sham')	0.31246654489901554	0.6249330897980311
('dual', 'preSMA')	0.6766108187689744	0.8617609965771391
