comparison	uncorrected_p-value	FDR-corrected_p-value
('IFG', 'preSMA')	0.9020533444584171	0.9020533444584171
('IFG', 'sham')	0.38906944947423105	0.6934071091762658
('IFG', 'dual')	0.34653331817447	0.6934071091762658
('preSMA', 'sham')	0.4622714061175105	0.6934071091762658
('dual', 'preSMA')	0.4000799560849114	0.6934071091762658
('dual', 'sham')	0.8352071689371828	0.9020533444584171
