comparison	uncorrected_p-value	FDR-corrected_p-value
('preSMA', 'sham')	0.4622714107596716	0.6934071161395075
('dual', 'sham')	0.8352071625022368	0.9020533269867198
('IFG', 'sham')	0.3890694435719483	0.6934071161395075
('dual', 'preSMA')	0.4000799560849114	0.6934071161395075
('IFG', 'preSMA')	0.9020533269867198	0.9020533269867198
('IFG', 'dual')	0.3465333109158508	0.6934071161395075
