comparison	uncorrected_p-value	FDR-corrected_p-value
('IFG', 'sham')	0.2691607511072892	0.6497539144092264
('preSMA', 'sham')	0.3248769572046132	0.6497539144092264
('dual', 'sham')	0.22182943669373117	0.6497539144092264
('IFG', 'preSMA')	0.809237631997352	0.9014426242398315
('IFG', 'dual')	0.9014426242398315	0.9014426242398315
('dual', 'preSMA')	0.6970811332715634	0.9014426242398315
