comparison	uncorrected_p-value	FDR-corrected_p-value
('preSMA', 'sham')	0.30514293080172916	0.4535669704734343
('dual', 'sham')	0.2843009325794351	0.4535669704734343
('IFG', 'sham')	0.3779724753945286	0.4535669704734343
('dual', 'preSMA')	0.06862030202279143	0.24057453106481422
('IFG', 'preSMA')	0.7510234114202865	0.7510234114202865
('IFG', 'dual')	0.08019151035493807	0.24057453106481422
