comparison	uncorrected_p-value	FDR-corrected_p-value
('preSMA', 'sham')	0.2843498485983258	0.5686996971966516
('IFG', 'sham')	0.25943961908637075	0.5686996971966516
('dual', 'sham')	0.23888654767419773	0.5686996971966516
('IFG', 'preSMA')	0.8792320377465175	0.9768192495662986
('dual', 'preSMA')	0.8479446667551891	0.9768192495662986
('IFG', 'dual')	0.9768192495662986	0.9768192495662986
