comparison	uncorrected_p-value	FDR-corrected_p-value
('IFG', 'preSMA')	0.6488494267806362	0.7935141241512699
('IFG', 'sham')	0.439891470051305	0.7935141241512699
('IFG', 'dual')	0.3810715032712797	0.7935141241512699
('preSMA', 'sham')	0.7072762349106404	0.7935141241512699
('dual', 'preSMA')	0.5664612638293693	0.7935141241512699
('dual', 'sham')	0.7935141241512699	0.7935141241512699
