comparison	uncorrected_p-value	FDR-corrected_p-value
('preSMA', 'sham')	0.6872705538159798	0.8068879859807696
('IFG', 'sham')	0.4477120611126736	0.8068879859807696
('dual', 'sham')	0.8068879859807696	0.8068879859807696
('IFG', 'preSMA')	0.6803702011896449	0.8068879859807696
('dual', 'preSMA')	0.5582863094987065	0.8068879859807696
('IFG', 'dual')	0.3873401228755131	0.8068879859807696
