comparison	uncorrected_p-value	FDR-corrected_p-value
('dual', 'preSMA')	0.4531911901583153	0.7977118703164219
('IFG', 'dual')	0.39313468049117706	0.7977118703164219
('dual', 'sham')	0.6647598919303516	0.7977118703164219
('IFG', 'preSMA')	0.9157721829540706	0.9157721829540706
('preSMA', 'sham')	0.6559648216073246	0.7977118703164219
('IFG', 'sham')	0.5506811211089906	0.7977118703164219
