comparison	uncorrected_p-value	FDR-corrected_p-value
('preSMA', 'sham')	0.32487695720461207	0.6497539144092241
('IFG', 'sham')	0.26916075110728765	0.6497539144092241
('dual', 'sham')	0.2218294366937308	0.6497539144092241
('IFG', 'preSMA')	0.8092376319973508	0.9014426242398339
('dual', 'preSMA')	0.6970811332715645	0.9014426242398339
('IFG', 'dual')	0.9014426242398339	0.9014426242398339
