comparison	uncorrected_p-value	FDR-corrected_p-value
('IFG', 'sham')	0.5684317400568685	0.8236247202065363
('IFG', 'dual')	0.789508571943027	0.8236247202065363
('IFG', 'preSMA')	0.6556061203747034	0.8236247202065363
('dual', 'sham')	0.8236247202065363	0.8236247202065363
('preSMA', 'sham')	0.4083849216730031	0.8236247202065363
('dual', 'preSMA')	0.5713776119935003	0.8236247202065363
