comparison	uncorrected_p-value	FDR-corrected_p-value
('IFG', 'sham')	0.16449346591843017	0.4934803977552905
('preSMA', 'sham')	0.15885403760618097	0.4934803977552905
('dual', 'sham')	0.3037282650002826	0.6074565300005652
('IFG', 'preSMA')	0.9446259725038908	0.9446259725038908
('IFG', 'dual')	0.5322846832362443	0.6387416198834932
('dual', 'preSMA')	0.5249248912734024	0.6387416198834932
