comparison	uncorrected_p-value	FDR-corrected_p-value
('dual', 'preSMA')	0.6970811332715634	0.9014426242398328
('IFG', 'dual')	0.9014426242398328	0.9014426242398328
('dual', 'sham')	0.22182943669373026	0.6497539144092241
('IFG', 'preSMA')	0.8092376319973508	0.9014426242398328
('preSMA', 'sham')	0.32487695720461207	0.6497539144092241
('IFG', 'sham')	0.26916075110728765	0.6497539144092241
