comparison	uncorrected_p-value	FDR-corrected_p-value
('IFG', 'sham')	0.14825437428814867	0.2969702291510486
('preSMA', 'sham')	0.19798015276736572	0.2969702291510486
('dual', 'sham')	1.0	1.0
('IFG', 'preSMA')	1.0	1.0
('IFG', 'dual')	0.14825437428814867	0.2969702291510486
('dual', 'preSMA')	0.19798015276736572	0.2969702291510486
