comparison	uncorrected_p-value	FDR-corrected_p-value
('dual', 'preSMA')	0.5625850201297193	0.7779034459099903
('IFG', 'dual')	0.3648076976028257	0.7779034459099903
('dual', 'sham')	0.7779034459099903	0.7779034459099903
('IFG', 'preSMA')	0.620612009131206	0.7779034459099903
('preSMA', 'sham')	0.7199412613322476	0.7779034459099903
('IFG', 'sham')	0.4284880460550784	0.7779034459099903
