comparison	uncorrected_p-value	FDR-corrected_p-value
('IFG', 'preSMA')	0.7510234114202865	0.7510234114202865
('IFG', 'sham')	0.3779724753945286	0.4535669704734343
('IFG', 'dual')	0.08019151035493804	0.24057453106481413
('preSMA', 'sham')	0.30514293080172916	0.4535669704734343
('dual', 'preSMA')	0.06862030202279137	0.24057453106481413
('dual', 'sham')	0.2843009325794351	0.4535669704734343
