comparison	uncorrected_p-value	FDR-corrected_p-value
('IFG', 'sham')	0.4398914700513059	0.7935141241512692
('IFG', 'dual')	0.3810715032712797	0.7935141241512692
('IFG', 'preSMA')	0.6488494267806362	0.7935141241512692
('dual', 'sham')	0.7935141241512692	0.7935141241512692
('preSMA', 'sham')	0.7072762349106414	0.7935141241512692
('dual', 'preSMA')	0.5664612638293693	0.7935141241512692
