comparison	uncorrected_p-value	FDR-corrected_p-value
('preSMA', 'sham')	0.7199412613322455	0.7779034459099918
('dual', 'preSMA')	0.5625850201297193	0.7779034459099918
('IFG', 'preSMA')	0.620612009131206	0.7779034459099918
('dual', 'sham')	0.7779034459099918	0.7779034459099918
('IFG', 'sham')	0.42848804605507673	0.7779034459099918
('IFG', 'dual')	0.3648076976028257	0.7779034459099918
