comparison	uncorrected_p-value	FDR-corrected_p-value
('IFG', 'sham')	0.4460526210457183	0.7268021542705295
('preSMA', 'sham')	0.605668461892108	0.7268021542705295
('dual', 'sham')	0.19866437606987783	0.7268021542705295
('IFG', 'preSMA')	0.8319271490836164	0.8319271490836164
('IFG', 'dual')	0.6035793925846106	0.7268021542705295
('dual', 'preSMA')	0.47711037463885675	0.7268021542705295
