comparison	uncorrected_p-value	FDR-corrected_p-value
('preSMA', 'sham')	0.6168906947923418	0.7402688337508102
('IFG', 'sham')	0.4575834468540305	0.6863751702810458
('dual', 'sham')	0.10405381095774188	0.6243228657464513
('IFG', 'preSMA')	0.8358756297557318	0.8358756297557318
('dual', 'preSMA')	0.27663367209234485	0.6863751702810458
('IFG', 'dual')	0.35186780214482427	0.6863751702810458
