comparison	uncorrected_p-value	FDR-corrected_p-value
('IFG', 'preSMA')	0.8358756298923329	0.8358756298923329
('preSMA', 'sham')	0.6168906950586972	0.7402688340704366
('dual', 'preSMA')	0.27663367244919174	0.686375170796658
('IFG', 'sham')	0.457583447197772	0.686375170796658
('IFG', 'dual')	0.35186780249960925	0.686375170796658
('dual', 'sham')	0.10405381119824307	0.6243228671894585
