comparison	uncorrected_p-value	FDR-corrected_p-value
('IFG', 'sham')	0.45758344740066625	0.6863751711009994
('preSMA', 'sham')	0.6168906953757278	0.7402688344508733
('dual', 'sham')	0.104053811202283	0.6243228672136981
('IFG', 'preSMA')	0.835875629789879	0.835875629789879
('IFG', 'dual')	0.35186780233200665	0.6863751711009994
('dual', 'preSMA')	0.27663367226183877	0.6863751711009994
