comparison	uncorrected_p-value	FDR-corrected_p-value
('preSMA', 'sham')	0.6168906947923475	0.740268833750817
('dual', 'preSMA')	0.27663367209234163	0.6863751702810534
('IFG', 'preSMA')	0.8358756297557318	0.8358756297557318
('dual', 'sham')	0.10405381095774188	0.6243228657464513
('IFG', 'sham')	0.4575834468540356	0.6863751702810534
('IFG', 'dual')	0.3518678021448204	0.6863751702810534
