comparison	uncorrected_p-value	FDR-corrected_p-value
('preSMA', 'sham')	0.4990108952382457	0.5988130742858948
('IFG', 'sham')	0.49495632601204265	0.5988130742858948
('dual', 'sham')	0.17129153223386692	0.5988130742858948
('IFG', 'preSMA')	0.998579283761599	0.998579283761599
('dual', 'preSMA')	0.47650475442015294	0.5988130742858948
('IFG', 'dual')	0.47054589129513824	0.5988130742858948
