comparison	uncorrected_p-value	FDR-corrected_p-value
('IFG', 'preSMA')	0.9009941859427468	0.9009941859427468
('IFG', 'sham')	0.5680890628616315	0.6817068754339578
('IFG', 'dual')	0.2593588447946222	0.6666961858178813
('preSMA', 'sham')	0.503717236069072	0.6817068754339578
('dual', 'preSMA')	0.33334809290894063	0.6666961858178813
('dual', 'sham')	0.09948951673659003	0.5969371004195402
