comparison	uncorrected_p-value	FDR-corrected_p-value
('IFG', 'sham')	0.5680890628616257	0.6817068754339509
('IFG', 'dual')	0.25935884479462573	0.6666961858178813
('IFG', 'preSMA')	0.9009941859427535	0.9009941859427535
('dual', 'sham')	0.09948951673658996	0.5969371004195397
('preSMA', 'sham')	0.503717236069072	0.6817068754339509
('dual', 'preSMA')	0.33334809290894063	0.6666961858178813
