comparison	uncorrected_p-value	FDR-corrected_p-value
('IFG', 'preSMA')	0.7154460882870238	0.8454949093913618
('IFG', 'sham')	0.5600322309688361	0.8454949093913618
('IFG', 'dual')	0.5897076670528221	0.8454949093913618
('preSMA', 'sham')	0.8454949093913618	0.8454949093913618
('dual', 'preSMA')	0.3777315461630042	0.8454949093913618
('dual', 'sham')	0.2629519174599159	0.8454949093913618
