comparison	uncorrected_p-value	FDR-corrected_p-value
('IFG', 'preSMA')	0.8358756298923268	0.8358756298923268
('dual', 'preSMA')	0.2766336724491884	0.686375170796658
('preSMA', 'sham')	0.616890695058703	0.7402688340704435
('IFG', 'dual')	0.35186780249960947	0.686375170796658
('IFG', 'sham')	0.457583447197772	0.686375170796658
('dual', 'sham')	0.10405381119824318	0.6243228671894592
