comparison	uncorrected_p-value	FDR-corrected_p-value
('preSMA', 'sham')	0.8454949126084974	0.8454949126084974
('dual', 'sham')	0.26295191442173915	0.8454949126084974
('IFG', 'sham')	0.5600322462036287	0.8454949126084974
('dual', 'preSMA')	0.37773154016151955	0.8454949126084974
('IFG', 'preSMA')	0.7154461015071094	0.8454949126084974
('IFG', 'dual')	0.5897076460760351	0.8454949126084974
