comparison	uncorrected_p-value	FDR-corrected_p-value
('dual', 'preSMA')	0.160167899418465	0.48050369825539496
('IFG', 'dual')	0.2900633045089994	0.5801266090179988
('dual', 'sham')	0.06965480101758208	0.4179288061054925
('IFG', 'preSMA')	0.6862041478268532	0.6862041478268532
('preSMA', 'sham')	0.6813570298453914	0.6862041478268532
('IFG', 'sham')	0.40560454568214444	0.6084068185232167
