comparison	uncorrected_p-value	FDR-corrected_p-value
('preSMA', 'sham')	0.8510384293644474	0.8972643147358033
('dual', 'sham')	0.2718627517710696	0.571140273530654
('IFG', 'sham')	0.20678169829298007	0.571140273530654
('dual', 'preSMA')	0.3807601823537693	0.571140273530654
('IFG', 'preSMA')	0.30427692948592977	0.571140273530654
('IFG', 'dual')	0.8972643147358033	0.8972643147358033
