comparison	uncorrected_p-value	FDR-corrected_p-value
('IFG', 'sham')	0.208570153344555	0.6606954682754761
('preSMA', 'sham')	0.5415213683730558	0.670861808717581
('dual', 'sham')	0.220231822758492	0.6606954682754761
('IFG', 'preSMA')	0.534393036744729	0.670861808717581
('IFG', 'dual')	0.964995858526662	0.964995858526662
('dual', 'preSMA')	0.5590515072646509	0.670861808717581
