comparison	uncorrected_p-value	FDR-corrected_p-value
('preSMA', 'sham')	0.8430725925308027	0.8430725925308027
('IFG', 'sham')	0.5950865991187337	0.8430725925308027
('dual', 'sham')	0.3292275571640887	0.8430725925308027
('IFG', 'preSMA')	0.7653978104595063	0.8430725925308027
('dual', 'preSMA')	0.46784579936402104	0.8430725925308027
('IFG', 'dual')	0.6361677574868281	0.8430725925308027
