comparison	uncorrected_p-value	FDR-corrected_p-value
('IFG', 'sham')	0.4056045469821302	0.6084068204731954
('preSMA', 'sham')	0.6813570314706177	0.6862041478268344
('dual', 'sham')	0.06965480135454614	0.4179288081272769
('IFG', 'preSMA')	0.6862041478268344	0.6862041478268344
('IFG', 'dual')	0.290063304509007	0.580126609018014
('dual', 'preSMA')	0.16016789941846254	0.48050369825538763
