comparison	uncorrected_p-value	FDR-corrected_p-value
('preSMA', 'sham')	0.6813570298453914	0.686204147826847
('IFG', 'sham')	0.40560454568213955	0.6084068185232093
('dual', 'sham')	0.06965480101758208	0.4179288061054925
('IFG', 'preSMA')	0.686204147826847	0.686204147826847
('dual', 'preSMA')	0.160167899418465	0.48050369825539496
('IFG', 'dual')	0.2900633045090032	0.5801266090180064
