comparison	uncorrected_p-value	FDR-corrected_p-value
('IFG', 'sham')	0.5414029269426335	0.8021181476403212
('IFG', 'dual')	0.3270245825203668	0.6540491650407336
('IFG', 'preSMA')	0.7283059662934028	0.8021181476403212
('dual', 'sham')	0.12732521592707485	0.6130934182550982
('preSMA', 'sham')	0.8021181476403212	0.8021181476403212
('dual', 'preSMA')	0.2043644727516994	0.6130934182550982
