comparison	uncorrected_p-value	FDR-corrected_p-value
('IFG', 'preSMA')	0.7283059662934028	0.8021181476403212
('IFG', 'sham')	0.5414029269426335	0.8021181476403212
('IFG', 'dual')	0.32702458252037103	0.6540491650407421
('preSMA', 'sham')	0.8021181476403212	0.8021181476403212
('dual', 'preSMA')	0.2043644727517023	0.613093418255107
('dual', 'sham')	0.12732521592707705	0.613093418255107
