comparison	uncorrected_p-value	FDR-corrected_p-value
('preSMA', 'sham')	0.6813570298453914	0.686204147826847
('dual', 'preSMA')	0.16016789941846254	0.48050369825538763
('IFG', 'preSMA')	0.686204147826847	0.686204147826847
('dual', 'sham')	0.06965480101758088	0.41792880610548533
('IFG', 'sham')	0.40560454568213955	0.6084068185232093
('IFG', 'dual')	0.2900633045089994	0.5801266090179988
