comparison	uncorrected_p-value	FDR-corrected_p-value
('IFG', 'preSMA')	0.6862041478268597	0.6862041478268597
('preSMA', 'sham')	0.6813570314706056	0.6862041478268597
('dual', 'preSMA')	0.16016789941846737	0.4805036982554021
('IFG', 'sham')	0.4056045469821399	0.6084068204732098
('IFG', 'dual')	0.2900633045089994	0.5801266090179988
('dual', 'sham')	0.06965480135454614	0.4179288081272769
