comparison	uncorrected_p-value	FDR-corrected_p-value
('IFG', 'preSMA')	0.3042769155355728	0.5711402541431821
('IFG', 'sham')	0.20678167638755193	0.5711402541431821
('IFG', 'dual')	0.8972643113210319	0.8972643113210319
('preSMA', 'sham')	0.8510384069307457	0.8972643113210319
('dual', 'preSMA')	0.3807601694287881	0.5711402541431821
('dual', 'sham')	0.27186272834684105	0.5711402541431821
