comparison	uncorrected_p-value	FDR-corrected_p-value
('IFG', 'preSMA')	0.6862041478268344	0.6862041478268344
('dual', 'preSMA')	0.16016789941846254	0.48050369825538763
('preSMA', 'sham')	0.6813570314706177	0.6862041478268344
('IFG', 'dual')	0.29006330450900697	0.5801266090180139
('IFG', 'sham')	0.4056045469821302	0.6084068204731954
('dual', 'sham')	0.06965480135454614	0.4179288081272769
