comparison	uncorrected_p-value	FDR-corrected_p-value
('preSMA', 'sham')	0.342852649750219	0.5142789746253286
('dual', 'preSMA')	0.19355434769265556	0.3871086953853111
('IFG', 'preSMA')	0.8205278200991091	0.8205278200991091
('dual', 'sham')	0.027637486589326004	0.16582491953595604
('IFG', 'sham')	0.46097719555779193	0.5531726346693503
('IFG', 'dual')	0.12404977627321989	0.3721493288196597
