comparison	uncorrected_p-value	FDR-corrected_p-value
('preSMA', 'sham')	0.48111051310064956	0.5773326157207794
('IFG', 'sham')	0.4645125949741411	0.5773326157207794
('dual', 'sham')	0.06446166660278324	0.38676999961669944
('IFG', 'preSMA')	0.9950954523157697	0.9950954523157697
('dual', 'preSMA')	0.2308540903973534	0.4617081807947068
('IFG', 'dual')	0.20448709081817343	0.4617081807947068
