comparison	uncorrected_p-value	FDR-corrected_p-value
('IFG', 'sham')	0.5309443569925848	0.7169927611531577
('preSMA', 'sham')	0.5951517811329446	0.7169927611531577
('dual', 'sham')	0.25772160102928143	0.7169927611531577
('IFG', 'preSMA')	0.9228985426717138	0.9228985426717138
('IFG', 'dual')	0.5974939676276314	0.7169927611531577
('dual', 'preSMA')	0.5334920981093338	0.7169927611531577
