comparison	uncorrected_p-value	FDR-corrected_p-value
('IFG', 'sham')	0.6183442823843774	0.7420131388612529
('preSMA', 'sham')	0.42387621384387886	0.6358143207658183
('dual', 'sham')	0.08445966475157508	0.5067579885094505
('IFG', 'preSMA')	0.7725547424161306	0.7725547424161306
('IFG', 'dual')	0.20970524535040194	0.621050829858949
('dual', 'preSMA')	0.3105254149294745	0.621050829858949
