comparison	uncorrected_p-value	FDR-corrected_p-value
('IFG', 'preSMA')	0.7534719605140213	0.7896908883239233
('IFG', 'sham')	0.7896908883239233	0.7896908883239233
('IFG', 'dual')	0.2851610487703767	0.7896908883239233
('preSMA', 'sham')	0.5679107148747717	0.7896908883239233
('dual', 'preSMA')	0.43556990159018516	0.7896908883239233
('dual', 'sham')	0.19839204025200222	0.7896908883239233
