comparison	uncorrected_p-value	FDR-corrected_p-value
('preSMA', 'sham')	0.3133495756896311	0.46288805537239486
('dual', 'sham')	0.043084032889086445	0.2585041973345187
('IFG', 'sham')	0.22610955794673374	0.46288805537239486
('dual', 'preSMA')	0.2741732485557348	0.46288805537239486
('IFG', 'preSMA')	0.8245549258973823	0.8245549258973823
('IFG', 'dual')	0.3857400461436624	0.46288805537239486
