comparison	uncorrected_p-value	FDR-corrected_p-value
('IFG', 'preSMA')	0.34541893872967644	0.6017770450645925
('IFG', 'sham')	0.6219200108169061	0.7306753530094823
('IFG', 'dual')	0.40118469670972834	0.6017770450645925
('preSMA', 'sham')	0.29193859929670674	0.6017770450645925
('dual', 'preSMA')	0.212151678351133	0.6017770450645925
('dual', 'sham')	0.7306753530094823	0.7306753530094823
