comparison	uncorrected_p-value	FDR-corrected_p-value	averages
['sham', 'dual']	0.1899	0.40110000000000007	[16.333, 13.167]
['sham', 'IFG']	0.5338	0.5338	[16.333, 16.667]
['sham', 'preSMA']	0.2674	0.40110000000000007	[16.333, 14.0]
