comparison	uncorrected_p-value	FDR-corrected_p-value
('IFG', 'preSMA')	0.7973757447188985	0.9365376920450992
('preSMA', 'sham')	0.9365376920450992	0.9365376920450992
('dual', 'preSMA')	0.7093214184427701	0.9365376920450992
('IFG', 'sham')	0.8703245675291016	0.9365376920450992
('IFG', 'dual')	0.6756272993704264	0.9365376920450992
('dual', 'sham')	0.7693063127557647	0.9365376920450992
