comparison	uncorrected_p-value	FDR-corrected_p-value
('preSMA', 'sham')	0.3298826714637989	0.6597653429275978
('IFG', 'sham')	0.9809201212149156	0.9809201212149156
('dual', 'sham')	0.8854726874252992	0.9809201212149156
('IFG', 'preSMA')	0.24178027471715824	0.6597653429275978
('dual', 'preSMA')	0.13672285675426057	0.6597653429275978
('IFG', 'dual')	0.832259581898069	0.9809201212149156
