comparison	uncorrected_p-value	FDR-corrected_p-value	averages
['IFG', 'sham']	0.5338	0.5338	[16.667, 16.333]
['preSMA', 'sham']	0.2674	0.40110000000000007	[14.0, 16.333]
['dual', 'sham']	0.1899	0.40110000000000007	[13.167, 16.333]
