comparison	uncorrected_p-value	FDR-corrected_p-value
('IFG', 'sham')	0.8478923653337658	0.9490284777791247
('preSMA', 'sham')	0.37208180417894476	0.7441636083578895
('dual', 'sham')	0.8478044533229758	0.9490284777791247
('IFG', 'preSMA')	0.23509583529572928	0.7441636083578895
('IFG', 'dual')	0.9490284777791247	0.9490284777791247
('dual', 'preSMA')	0.318758398610919	0.7441636083578895
