comparison	uncorrected_p-value	FDR-corrected_p-value
('IFG', 'sham')	0.5307282184200235	0.8918384025459688
('preSMA', 'sham')	0.5278211667514137	0.8918384025459688
('dual', 'sham')	0.6930405884865358	0.8918384025459688
('IFG', 'preSMA')	0.8918384025459688	0.8918384025459688
('IFG', 'dual')	0.7895085719430265	0.8918384025459688
('dual', 'preSMA')	0.753806727728301	0.8918384025459688
