comparison	uncorrected_p-value	FDR-corrected_p-value
('preSMA', 'sham')	0.2448020437591596	0.4896040875183192
('IFG', 'sham')	0.7111953741451811	0.8861146473020209
('dual', 'sham')	0.8861146473020209	0.8861146473020209
('IFG', 'preSMA')	0.09484170841692366	0.4896040875183192
('dual', 'preSMA')	0.1744236088350747	0.4896040875183192
('IFG', 'dual')	0.8183454517983267	0.8861146473020209
