comparison	uncorrected_p-value	FDR-corrected_p-value
('IFG', 'preSMA')	0.4409115394855365	0.7491592003163258
('IFG', 'sham')	0.4994394668775505	0.7491592003163258
('IFG', 'dual')	0.2638985544177008	0.7491592003163258
('preSMA', 'sham')	0.9486474353949704	0.9486474353949704
('dual', 'preSMA')	0.42555917470586047	0.7491592003163258
('dual', 'sham')	0.6972506685190545	0.8367008022228654
