comparison	uncorrected_p-value	FDR-corrected_p-value
('preSMA', 'sham')	0.29193856038702887	0.6017769501859122
('dual', 'sham')	0.7306753403212733	0.7306753403212733
('IFG', 'sham')	0.6219198878081162	0.7306753403212733
('dual', 'preSMA')	0.21215165951954984	0.6017769501859122
('IFG', 'preSMA')	0.3454189463027144	0.6017769501859122
('IFG', 'dual')	0.40118463345727473	0.6017769501859122
