comparison	uncorrected_p-value	FDR-corrected_p-value
('preSMA', 'sham')	0.8072541761255607	0.9682280086448678
('IFG', 'sham')	0.5580377166173227	0.9682280086448678
('dual', 'sham')	0.8324852181627964	0.9682280086448678
('IFG', 'preSMA')	0.3946710305652976	0.9682280086448678
('dual', 'preSMA')	0.9682280086448678	0.9682280086448678
('IFG', 'dual')	0.41386175386335455	0.9682280086448678
