comparison	uncorrected_p-value	FDR-corrected_p-value
('IFG', 'preSMA')	0.09484170841692366	0.4896040875183235
('dual', 'preSMA')	0.1744236088350738	0.4896040875183235
('preSMA', 'sham')	0.24480204375916176	0.4896040875183235
('IFG', 'dual')	0.8183454517983293	0.8861146473020137
('IFG', 'sham')	0.7111953741451764	0.8861146473020137
('dual', 'sham')	0.8861146473020137	0.8861146473020137
