comparison	uncorrected_p-value	FDR-corrected_p-value
('IFG', 'preSMA')	0.5754324401176127	0.7914417186595737
('IFG', 'sham')	0.9652722522547235	0.9652722522547235
('IFG', 'dual')	0.1002322237802443	0.5133780236212135
('preSMA', 'sham')	0.6595347655496447	0.7914417186595737
('dual', 'preSMA')	0.25668901181060677	0.5133780236212135
('dual', 'sham')	0.1726407735775351	0.5133780236212135
