comparison	uncorrected_p-value	FDR-corrected_p-value
('preSMA', 'sham')	0.9365376975260209	0.9365376975260209
('dual', 'preSMA')	0.7093214098438616	0.9365376975260209
('IFG', 'preSMA')	0.7973757454788781	0.9365376975260209
('dual', 'sham')	0.7693063127770298	0.9365376975260209
('IFG', 'sham')	0.8703245650788163	0.9365376975260209
('IFG', 'dual')	0.6756272959736368	0.9365376975260209
