comparison	uncorrected_p-value	FDR-corrected_p-value
('IFG', 'sham')	0.7111953741451811	0.8861146473020209
('preSMA', 'sham')	0.24480204375916176	0.4896040875183235
('dual', 'sham')	0.8861146473020209	0.8861146473020209
('IFG', 'preSMA')	0.09484170841692487	0.4896040875183235
('IFG', 'dual')	0.8183454517983267	0.8861146473020209
('dual', 'preSMA')	0.17442360883507643	0.4896040875183235
