comparison	uncorrected_p-value	FDR-corrected_p-value
('IFG', 'preSMA')	0.945695545451987	0.945695545451987
('dual', 'preSMA')	0.6875858770539472	0.8657082490783619
('preSMA', 'sham')	0.7214235408986349	0.8657082490783619
('IFG', 'dual')	0.46521996639345176	0.8657082490783619
('IFG', 'sham')	0.6842810720028036	0.8657082490783619
('dual', 'sham')	0.3465811102443266	0.8657082490783619
