comparison	uncorrected_p-value	FDR-corrected_p-value
('IFG', 'sham')	0.3398000740427991	0.7899349622966868
('IFG', 'dual')	0.42274695435399223	0.7899349622966868
('IFG', 'preSMA')	0.7899349622966868	0.7899349622966868
('dual', 'sham')	0.6738151148504323	0.7899349622966868
('preSMA', 'sham')	0.4497292887842218	0.7899349622966868
('dual', 'preSMA')	0.5994703106545748	0.7899349622966868
