comparison	uncorrected_p-value	FDR-corrected_p-value
('IFG', 'preSMA')	0.6180417265420406	0.8164268158769094
('preSMA', 'sham')	0.4336995896057211	0.8164268158769094
('dual', 'preSMA')	0.6803556798974245	0.8164268158769094
('IFG', 'sham')	0.8427889142947894	0.8427889142947894
('IFG', 'dual')	0.4254234360543585	0.8164268158769094
('dual', 'sham')	0.2645330508178468	0.8164268158769094
