comparison	uncorrected_p-value	FDR-corrected_p-value
('IFG', 'sham')	0.8703245662542404	0.9365376951770522
('preSMA', 'sham')	0.9365376951770522	0.9365376951770522
('dual', 'sham')	0.769306312942759	0.9365376951770522
('IFG', 'preSMA')	0.7973757452888807	0.9365376951770522
('IFG', 'dual')	0.6756272976590569	0.9365376951770522
('dual', 'preSMA')	0.7093214135815942	0.9365376951770522
