comparison	uncorrected_p-value	FDR-corrected_p-value
('IFG', 'sham')	0.8995519517911258	0.9683993067374381
('preSMA', 'sham')	0.7865070969049264	0.9683993067374381
('dual', 'sham')	0.7937005750245169	0.9683993067374381
('IFG', 'preSMA')	0.7162944286095835	0.9683993067374381
('IFG', 'dual')	0.7209481750119846	0.9683993067374381
('dual', 'preSMA')	0.9683993067374381	0.9683993067374381
