comparison	uncorrected_p-value	FDR-corrected_p-value
('IFG', 'sham')	0.49943946687755236	0.7491592003163285
('IFG', 'dual')	0.2638985544177008	0.7491592003163285
('IFG', 'preSMA')	0.4409115394855365	0.7491592003163285
('dual', 'sham')	0.697250668519051	0.8367008022228613
('preSMA', 'sham')	0.9486474353949743	0.9486474353949743
('dual', 'preSMA')	0.42555917470586047	0.7491592003163285
