comparison	uncorrected_p-value	FDR-corrected_p-value
('IFG', 'preSMA')	0.4812497801736728	0.9630766521783145
('IFG', 'sham')	0.6101793536587974	0.9630766521783145
('IFG', 'dual')	0.47863767700660753	0.9630766521783145
('preSMA', 'sham')	0.8805486826627587	0.9630766521783145
('dual', 'preSMA')	0.9630766521783145	0.9630766521783145
('dual', 'sham')	0.900044723574072	0.9630766521783145
