comparison	uncorrected_p-value	FDR-corrected_p-value
('IFG', 'preSMA')	0.18594535340540938	0.4135634419659696
('IFG', 'sham')	0.8056482860772398	0.9667779432926877
('IFG', 'dual')	0.7735823058639042	0.9667779432926877
('preSMA', 'sham')	0.2067817209829848	0.4135634419659696
('dual', 'preSMA')	0.1293860850854125	0.4135634419659696
('dual', 'sham')	0.9788561238710694	0.9788561238710694
