comparison	uncorrected_p-value	FDR-corrected_p-value
('preSMA', 'sham')	0.579684313514804	0.8672524733456507
('IFG', 'sham')	0.3505167476742802	0.8672524733456507
('dual', 'sham')	0.4263481588687945	0.8672524733456507
('IFG', 'preSMA')	0.728009076004967	0.8672524733456507
('dual', 'preSMA')	0.8388598527823969	0.8672524733456507
('IFG', 'dual')	0.8672524733456507	0.8672524733456507
