comparison	uncorrected_p-value	FDR-corrected_p-value
('dual', 'preSMA')	0.7093214098438547	0.9365376975260256
('IFG', 'dual')	0.6756272959736367	0.9365376975260256
('dual', 'sham')	0.7693063127770298	0.9365376975260256
('IFG', 'preSMA')	0.7973757454788815	0.9365376975260256
('preSMA', 'sham')	0.9365376975260256	0.9365376975260256
('IFG', 'sham')	0.8703245650788163	0.9365376975260256
