comparison	uncorrected_p-value	FDR-corrected_p-value
('IFG', 'preSMA')	0.4150815242507738	0.9253571927892531
('dual', 'preSMA')	0.5453550101872234	0.9253571927892531
('preSMA', 'sham')	0.5161575378984491	0.9253571927892531
('IFG', 'dual')	0.9253571927892531	0.9253571927892531
('IFG', 'sham')	0.8094020259206534	0.9253571927892531
('dual', 'sham')	0.9088260402118292	0.9253571927892531
