comparison	uncorrected_p-value	FDR-corrected_p-value
('preSMA', 'sham')	0.5161575378984491	0.9253571927892558
('dual', 'preSMA')	0.5453550101872208	0.9253571927892558
('IFG', 'preSMA')	0.4150815242507736	0.9253571927892558
('dual', 'sham')	0.9088260402118262	0.9253571927892558
('IFG', 'sham')	0.8094020259206531	0.9253571927892558
('IFG', 'dual')	0.9253571927892558	0.9253571927892558
