comparison	uncorrected_p-value	FDR-corrected_p-value
('IFG', 'preSMA')	0.6121176325080403	0.9580900885838657
('IFG', 'sham')	0.8674873854979406	0.9580900885838657
('IFG', 'dual')	0.5152799581882229	0.9580900885838657
('preSMA', 'sham')	0.6840173519433016	0.9580900885838657
('dual', 'preSMA')	0.9580900885838657	0.9580900885838657
('dual', 'sham')	0.5725387448449584	0.9580900885838657
