comparison	uncorrected_p-value	FDR-corrected_p-value
('preSMA', 'sham')	0.5256006538635682	0.8231700211777062
('IFG', 'sham')	0.46781169978084847	0.8231700211777062
('dual', 'sham')	0.8231700211777062	0.8231700211777062
('IFG', 'preSMA')	0.7879517927743735	0.8231700211777062
('dual', 'preSMA')	0.6033814029609905	0.8231700211777062
('IFG', 'dual')	0.5994703106545749	0.8231700211777062
