comparison	uncorrected_p-value	FDR-corrected_p-value
('preSMA', 'sham')	0.234848872489955	0.8180748965967148
('IFG', 'sham')	0.7547991761278956	0.8180748965967148
('dual', 'sham')	0.529933230333421	0.8180748965967148
('IFG', 'preSMA')	0.4333476474934077	0.8180748965967148
('dual', 'preSMA')	0.5471541891059444	0.8180748965967148
('IFG', 'dual')	0.8180748965967148	0.8180748965967148
