comparison	uncorrected_p-value	FDR-corrected_p-value
('preSMA', 'sham')	0.8457091047629645	0.947137875896685
('dual', 'sham')	0.947137875896685	0.947137875896685
('IFG', 'sham')	0.6367895269035255	0.947137875896685
('dual', 'preSMA')	0.8980305516251603	0.947137875896685
('IFG', 'preSMA')	0.5740605466463986	0.947137875896685
('IFG', 'dual')	0.6214398998478117	0.947137875896685
