comparison	uncorrected_p-value	FDR-corrected_p-value
('IFG', 'preSMA')	0.26544808112466045	0.6995511217222197
('IFG', 'sham')	0.8942460777308656	0.8942460777308656
('IFG', 'dual')	0.8859622969918693	0.8942460777308656
('preSMA', 'sham')	0.1724264740747447	0.6995511217222197
('dual', 'preSMA')	0.34977556086110984	0.6995511217222197
('dual', 'sham')	0.7750326675486177	0.8942460777308656
