comparison	uncorrected_p-value	FDR-corrected_p-value
('IFG', 'preSMA')	0.6616924255764618	0.8780314489522063
('dual', 'preSMA')	0.8780314489522063	0.8780314489522063
('preSMA', 'sham')	0.7962013366195436	0.8780314489522063
('IFG', 'dual')	0.49340256002611105	0.8780314489522063
('IFG', 'sham')	0.8103408707862156	0.8780314489522063
('dual', 'sham')	0.6288905936359497	0.8780314489522063
