comparison	uncorrected_p-value	FDR-corrected_p-value
('IFG', 'sham')	0.7085138235250218	0.9309789508486881
('preSMA', 'sham')	0.44830759183036883	0.9309789508486881
('dual', 'sham')	0.8089710837219966	0.9309789508486881
('IFG', 'preSMA')	0.39333478431101865	0.9309789508486881
('IFG', 'dual')	0.9309789508486881	0.9309789508486881
('dual', 'preSMA')	0.4813180954383901	0.9309789508486881
