comparison	uncorrected_p-value	FDR-corrected_p-value
('IFG', 'preSMA')	0.9416975029392092	1.0
('IFG', 'sham')	0.18114932460633532	0.801353952891983
('IFG', 'dual')	1.0	1.0
('preSMA', 'sham')	0.4074280669661666	0.8148561339323332
('dual', 'preSMA')	0.9452674537374253	1.0
('dual', 'sham')	0.26711798429732764	0.801353952891983
