comparison	uncorrected_p-value	FDR-corrected_p-value
('preSMA', 'sham')	0.7962013366195424	0.8780314489522064
('IFG', 'sham')	0.8103408707862172	0.8780314489522064
('dual', 'sham')	0.6288905936359486	0.8780314489522064
('IFG', 'preSMA')	0.6616924255764618	0.8780314489522064
('dual', 'preSMA')	0.8780314489522064	0.8780314489522064
('IFG', 'dual')	0.49340256002611105	0.8780314489522064
