comparison	uncorrected_p-value	FDR-corrected_p-value
('IFG', 'preSMA')	0.41508152425077494	0.9253571927892545
('preSMA', 'sham')	0.5161575378984491	0.9253571927892545
('dual', 'preSMA')	0.5453550101872234	0.9253571927892545
('IFG', 'sham')	0.8094020259206549	0.9253571927892545
('IFG', 'dual')	0.9253571927892545	0.9253571927892545
('dual', 'sham')	0.9088260402118292	0.9253571927892545
