comparison	uncorrected_p-value	FDR-corrected_p-value
('IFG', 'sham')	0.8674873854979406	0.9580900885838683
('IFG', 'dual')	0.515279958188224	0.9580900885838683
('IFG', 'preSMA')	0.6121176325080393	0.9580900885838683
('dual', 'sham')	0.5725387448449597	0.9580900885838683
('preSMA', 'sham')	0.6840173519433003	0.9580900885838683
('dual', 'preSMA')	0.9580900885838683	0.9580900885838683
