comparison	uncorrected_p-value	FDR-corrected_p-value
('IFG', 'sham')	0.8942460777308674	0.8942460777308674
('IFG', 'dual')	0.8859622969918722	0.8942460777308674
('IFG', 'preSMA')	0.26544808112466045	0.6995511217222161
('dual', 'sham')	0.7750326675486227	0.8942460777308674
('preSMA', 'sham')	0.1724264740747453	0.6995511217222161
('dual', 'preSMA')	0.34977556086110806	0.6995511217222161
