comparison	uncorrected_p-value	FDR-corrected_p-value
('IFG', 'sham')	0.01369461185280244	0.08216767111681465
('preSMA', 'sham')	0.23884719180717934	0.5751508548253828
('dual', 'sham')	0.2875754274126914	0.5751508548253828
('IFG', 'preSMA')	0.9369956578807612	0.9369956578807612
('IFG', 'dual')	0.5713776119935003	0.8112974219019705
('dual', 'preSMA')	0.6760811849183088	0.8112974219019705
