comparison	uncorrected_p-value	FDR-corrected_p-value
('preSMA', 'sham')	0.8442931541360107	0.9945905971773865
('IFG', 'sham')	0.5876053213028612	0.9945905971773865
('dual', 'sham')	0.8111509286259224	0.9945905971773865
('IFG', 'preSMA')	0.5232462050057396	0.9945905971773865
('dual', 'preSMA')	0.9945905971773865	0.9945905971773865
('IFG', 'dual')	0.4401379072508733	0.9945905971773865
