comparison	uncorrected_p-value	FDR-corrected_p-value
('IFG', 'preSMA')	0.5637212173171526	0.9113703546825522
('IFG', 'sham')	0.7717618402655149	0.9113703546825522
('IFG', 'dual')	0.9113703546825522	0.9113703546825522
('preSMA', 'sham')	0.3666307953720984	0.9113703546825522
('dual', 'preSMA')	0.674035852116953	0.9113703546825522
('dual', 'sham')	0.7091262965711238	0.9113703546825522
