comparison	uncorrected_p-value	FDR-corrected_p-value
('IFG', 'sham')	0.8361543080911075	0.9463954213481853
('preSMA', 'sham')	0.763209010133793	0.9463954213481853
('dual', 'sham')	0.7866555294696322	0.9463954213481853
('IFG', 'preSMA')	0.6658468094387989	0.9463954213481853
('IFG', 'dual')	0.6778627926440861	0.9463954213481853
('dual', 'preSMA')	0.9463954213481853	0.9463954213481853
