comparison	uncorrected_p-value	FDR-corrected_p-value
('preSMA', 'sham')	0.7962013366195436	0.8780314489522075
('dual', 'preSMA')	0.8780314489522075	0.8780314489522075
('IFG', 'preSMA')	0.6616924255764618	0.8780314489522075
('dual', 'sham')	0.628890593635951	0.8780314489522075
('IFG', 'sham')	0.8103408707862156	0.8780314489522075
('IFG', 'dual')	0.49340256002611194	0.8780314489522075
