comparison	uncorrected_p-value	FDR-corrected_p-value
('IFG', 'preSMA')	0.6652458121814808	0.8678280810965684
('dual', 'preSMA')	0.8678280810965684	0.8678280810965684
('preSMA', 'sham')	0.6309137847691932	0.8678280810965684
('IFG', 'dual')	0.501968292283379	0.8678280810965684
('IFG', 'sham')	0.2451811142150986	0.8678280810965684
('dual', 'sham')	0.7395158672004506	0.8678280810965684
