comparison	uncorrected_p-value	FDR-corrected_p-value
('IFG', 'preSMA')	0.5740605725077815	0.9471378559442202
('IFG', 'sham')	0.6367895460540034	0.9471378559442202
('IFG', 'dual')	0.6214399050637832	0.9471378559442202
('preSMA', 'sham')	0.845709118556644	0.9471378559442202
('dual', 'preSMA')	0.8980305814469357	0.9471378559442202
('dual', 'sham')	0.9471378559442202	0.9471378559442202
