comparison	uncorrected_p-value	FDR-corrected_p-value
('preSMA', 'sham')	0.3666308224723758	0.911370361546151
('dual', 'sham')	0.7091262518252812	0.911370361546151
('IFG', 'sham')	0.7717617672222157	0.911370361546151
('dual', 'preSMA')	0.6740359154505783	0.911370361546151
('IFG', 'preSMA')	0.5637212797239104	0.911370361546151
('IFG', 'dual')	0.911370361546151	0.911370361546151
