comparison	uncorrected_p-value	FDR-corrected_p-value
('IFG', 'preSMA')	0.30810273331314575	0.6162054666262915
('IFG', 'sham')	0.6642514717311353	0.9228465019161791
('IFG', 'dual')	0.769038751596816	0.9228465019161791
('preSMA', 'sham')	0.1515249874910036	0.6162054666262915
('dual', 'preSMA')	0.24274112122503969	0.6162054666262915
('dual', 'sham')	0.9501559506355217	0.9501559506355217
