comparison	uncorrected_p-value	FDR-corrected_p-value
('preSMA', 'sham')	0.016256719987316117	0.09754031992389671
('IFG', 'sham')	0.21689421630261718	0.3755913449769378
('dual', 'sham')	0.9776473792882411	0.9776473792882411
('IFG', 'preSMA')	0.2503942299846252	0.3755913449769378
('dual', 'preSMA')	0.16646531188089314	0.3755913449769378
('IFG', 'dual')	0.43463603202492407	0.5215632384299088
