comparison	uncorrected_p-value	FDR-corrected_p-value
('dual', 'preSMA')	0.23429659417897716	0.7028897825369316
('IFG', 'dual')	0.7762493348473751	0.7762493348473751
('dual', 'sham')	0.6742216251324764	0.7762493348473751
('IFG', 'preSMA')	0.5347477874920599	0.7762493348473751
('preSMA', 'sham')	0.13286765754510815	0.7028897825369316
('IFG', 'sham')	0.5310262625962048	0.7762493348473751
