comparison	uncorrected_p-value	FDR-corrected_p-value
('IFG', 'preSMA')	0.20098536753758597	0.512098079340326
('IFG', 'sham')	0.6578599146795772	0.9099741174009661
('IFG', 'dual')	0.9472510994301635	0.9472510994301635
('preSMA', 'sham')	0.10116237039254132	0.512098079340326
('dual', 'preSMA')	0.256049039670163	0.512098079340326
('dual', 'sham')	0.7583117645008052	0.9099741174009661
