comparison	uncorrected_p-value	FDR-corrected_p-value
('IFG', 'preSMA')	0.5347477874920581	0.7762493348473769
('dual', 'preSMA')	0.23429659417897716	0.7028897825369316
('preSMA', 'sham')	0.13286765754510815	0.7028897825369316
('IFG', 'dual')	0.7762493348473769	0.7762493348473769
('IFG', 'sham')	0.5310262625962059	0.7762493348473769
('dual', 'sham')	0.6742216251324764	0.7762493348473769
