comparison	uncorrected_p-value	FDR-corrected_p-value
('IFG', 'sham')	0.6247528172392104	0.714277814414412
('IFG', 'dual')	0.714277814414412	0.714277814414412
('IFG', 'preSMA')	0.02916579398964149	0.17499476393784894
('dual', 'sham')	0.5134589565184524	0.714277814414412
('preSMA', 'sham')	0.0641806599827037	0.1925419799481111
('dual', 'preSMA')	0.41741466871063426	0.714277814414412
