comparison	uncorrected_p-value	FDR-corrected_p-value
('preSMA', 'sham')	0.1011623655561922	0.5120980556269102
('dual', 'sham')	0.758311783529953	0.9099741402359436
('IFG', 'sham')	0.6578599255535496	0.9099741402359436
('dual', 'preSMA')	0.2560490278134551	0.5120980556269102
('IFG', 'preSMA')	0.20098535194826478	0.5120980556269102
('IFG', 'dual')	0.9472510932934517	0.9472510932934517
