comparison	uncorrected_p-value	FDR-corrected_p-value
('IFG', 'preSMA')	0.5458811926066587	0.7992721862041174
('IFG', 'sham')	0.7992721862041174	0.7992721862041174
('IFG', 'dual')	0.7596235797690527	0.7992721862041174
('preSMA', 'sham')	0.2958325116705344	0.7992721862041174
('dual', 'preSMA')	0.6397658404456044	0.7992721862041174
('dual', 'sham')	0.5005130021085974	0.7992721862041174
