comparison	uncorrected_p-value	FDR-corrected_p-value
('IFG', 'preSMA')	0.8340848674552863	0.9314780376544531
('IFG', 'sham')	0.5017597391057724	0.9314780376544531
('IFG', 'dual')	0.9149399689859078	0.9314780376544531
('preSMA', 'sham')	0.36697260752382643	0.9314780376544531
('dual', 'preSMA')	0.9314780376544531	0.9314780376544531
('dual', 'sham')	0.46316144109159063	0.9314780376544531
