comparison	uncorrected_p-value	FDR-corrected_p-value
('IFG', 'sham')	0.4589853352026534	0.6884780028039801
('preSMA', 'sham')	0.7395158672004506	0.7822180894659109
('dual', 'sham')	0.336297368604183	0.672594737208366
('IFG', 'preSMA')	0.17617927161701769	0.5285378148510531
('IFG', 'dual')	0.7822180894659109	0.7822180894659109
('dual', 'preSMA')	0.10055501668355407	0.5285378148510531
