comparison	uncorrected_p-value	FDR-corrected_p-value
('preSMA', 'sham')	0.14810464045250832	0.5125797009594124
('IFG', 'sham')	0.4184603770848434	0.6329336919908195
('dual', 'sham')	0.9794916212807568	0.9794916212807568
('IFG', 'preSMA')	0.9657135342594808	0.9794916212807568
('dual', 'preSMA')	0.1708599003198041	0.5125797009594124
('IFG', 'dual')	0.42195579466054633	0.6329336919908195
