comparison	uncorrected_p-value	FDR-corrected_p-value
('preSMA', 'sham')	0.511609603304747	0.6139315239656964
('IFG', 'sham')	0.4509505534287225	0.6139315239656964
('dual', 'sham')	0.12031221111947397	0.36093663335842197
('IFG', 'preSMA')	0.2806846559050719	0.5613693118101438
('dual', 'preSMA')	0.10705939451179786	0.36093663335842197
('IFG', 'dual')	0.6652458121814806	0.6652458121814806
