comparison	uncorrected_p-value	FDR-corrected_p-value
('preSMA', 'sham')	0.05043094961353778	0.2990562598379167
('IFG', 'sham')	0.556915318841179	0.8353729782617685
('dual', 'sham')	0.7879995883765378	0.8701017229905648
('IFG', 'preSMA')	0.09968541994597224	0.2990562598379167
('dual', 'preSMA')	0.19169252510731274	0.3833850502146255
('IFG', 'dual')	0.8701017229905648	0.8701017229905648
