comparison	uncorrected_p-value	FDR-corrected_p-value
('IFG', 'sham')	0.5017597391057724	0.9314780376544531
('IFG', 'dual')	0.9149399689859101	0.9314780376544531
('IFG', 'preSMA')	0.8340848674552888	0.9314780376544531
('dual', 'sham')	0.4631614410915923	0.9314780376544531
('preSMA', 'sham')	0.3669726075238282	0.9314780376544531
('dual', 'preSMA')	0.9314780376544531	0.9314780376544531
