comparison	uncorrected_p-value	FDR-corrected_p-value
('IFG', 'preSMA')	0.09968541994597224	0.2990562598379167
('preSMA', 'sham')	0.05043094961353806	0.2990562598379167
('dual', 'preSMA')	0.19169252510731274	0.3833850502146255
('IFG', 'sham')	0.5569153188411812	0.8353729782617718
('IFG', 'dual')	0.8701017229905648	0.8701017229905648
('dual', 'sham')	0.7879995883765396	0.8701017229905648
