comparison	uncorrected_p-value	FDR-corrected_p-value
('IFG', 'sham')	0.7207314054685369	0.9148893577936842
('preSMA', 'sham')	0.10291186683809132	0.3883485630997021
('dual', 'sham')	0.9148893577936842	0.9148893577936842
('IFG', 'preSMA')	0.15606319699389615	0.3883485630997021
('IFG', 'dual')	0.8477346046625226	0.9148893577936842
('dual', 'preSMA')	0.19417428154985106	0.3883485630997021
