comparison	uncorrected_p-value	FDR-corrected_p-value
('IFG', 'sham')	0.8561601278723694	0.8715054597641602
('preSMA', 'sham')	0.32253813137956555	0.8715054597641602
('dual', 'sham')	0.6427960784535127	0.8715054597641602
('IFG', 'preSMA')	0.6068664001133076	0.8715054597641602
('IFG', 'dual')	0.8715054597641602	0.8715054597641602
('dual', 'preSMA')	0.5570712095303011	0.8715054597641602
