comparison	uncorrected_p-value	FDR-corrected_p-value
('IFG', 'preSMA')	0.8498640258532789	0.8498640258532789
('IFG', 'sham')	0.6536244669253568	0.8498640258532789
('IFG', 'dual')	0.2815995607294477	0.5631991214588954
('preSMA', 'sham')	0.8288210992069313	0.8498640258532789
('dual', 'preSMA')	0.21869677665887577	0.5631991214588954
('dual', 'sham')	0.0818869286241977	0.49132157174518626
