comparison	uncorrected_p-value	FDR-corrected_p-value
('IFG', 'preSMA')	0.02916579398964181	0.17499476393785085
('IFG', 'sham')	0.6247528172392056	0.714277814414414
('IFG', 'dual')	0.714277814414414	0.714277814414414
('preSMA', 'sham')	0.06418065998270331	0.19254197994810993
('dual', 'preSMA')	0.41741466871063426	0.714277814414414
('dual', 'sham')	0.5134589565184509	0.714277814414414
