comparison	uncorrected_p-value	FDR-corrected_p-value
('IFG', 'preSMA')	0.6226913570842647	0.7472296285011176
('dual', 'preSMA')	0.026149051725780057	0.13305492809036962
('preSMA', 'sham')	0.46926025686649053	0.7038903852997358
('IFG', 'dual')	0.058111124144869734	0.13305492809036962
('IFG', 'sham')	0.827140329611001	0.827140329611001
('dual', 'sham')	0.06652746404518481	0.13305492809036962
