comparison	uncorrected_p-value	FDR-corrected_p-value
('preSMA', 'sham')	0.29583250926872173	0.7992721994635457
('dual', 'sham')	0.5005130150950703	0.7992721994635457
('IFG', 'sham')	0.7992721994635457	0.7992721994635457
('dual', 'preSMA')	0.6397658315721924	0.7992721994635457
('IFG', 'preSMA')	0.5458811707553113	0.7992721994635457
('IFG', 'dual')	0.759623572500878	0.7992721994635457
