comparison	uncorrected_p-value	FDR-corrected_p-value
('preSMA', 'sham')	0.13816655131277072	0.4144996539383122
('IFG', 'sham')	0.5252674344607442	0.630320921352893
('dual', 'sham')	0.7060286961686857	0.7060286961686857
('IFG', 'preSMA')	0.04176017744829015	0.25056106468974093
('dual', 'preSMA')	0.3629791858431578	0.5444687787647368
('IFG', 'dual')	0.36266840635582687	0.5444687787647368
