comparison	uncorrected_p-value	FDR-corrected_p-value
('IFG', 'preSMA')	0.13548923009748143	0.37482395261620877
('IFG', 'sham')	0.8560021348520286	0.9882446207347442
('IFG', 'dual')	0.9882446207347442	0.9882446207347442
('preSMA', 'sham')	0.18741197630810438	0.37482395261620877
('dual', 'preSMA')	0.11530231879312808	0.37482395261620877
('dual', 'sham')	0.857951750850991	0.9882446207347442
