comparison	uncorrected_p-value	FDR-corrected_p-value
('preSMA', 'sham')	0.1906332847684677	0.47364365147633264
('IFG', 'sham')	0.9847265186592337	0.9847265186592337
('dual', 'sham')	0.7787481399022727	0.9344977678827271
('IFG', 'preSMA')	0.09614608915301623	0.47364365147633264
('dual', 'preSMA')	0.23682182573816632	0.47364365147633264
('IFG', 'dual')	0.7449979070057291	0.9344977678827271
