comparison	uncorrected_p-value	FDR-corrected_p-value
('IFG', 'sham')	0.8727490668986383	0.8727490668986383
('preSMA', 'sham')	0.07089047606692489	0.21267142820077467
('dual', 'sham')	0.637260641317676	0.7647127695812111
('IFG', 'preSMA')	0.06742929340805812	0.21267142820077467
('IFG', 'dual')	0.5595620667935403	0.7647127695812111
('dual', 'preSMA')	0.2752995436890951	0.5505990873781902
