comparison	uncorrected_p-value	FDR-corrected_p-value
('preSMA', 'sham')	0.6953887978142812	0.6953887978142812
('IFG', 'sham')	0.36031184045537845	0.6953887978142812
('dual', 'sham')	0.6071804866586858	0.6953887978142812
('IFG', 'preSMA')	0.4863846225702968	0.6953887978142812
('dual', 'preSMA')	0.30435533473939064	0.6953887978142812
('IFG', 'dual')	0.18185375018389577	0.6953887978142812
