comparison	uncorrected_p-value	FDR-corrected_p-value
('dual', 'preSMA')	0.3011841533834069	0.3614209840600883
('IFG', 'dual')	0.1330175291302234	0.26462920809124535
('dual', 'sham')	0.7293932267232286	0.7293932267232286
('IFG', 'preSMA')	0.01835297174134093	0.11011783044804557
('preSMA', 'sham')	0.11308782634623954	0.26462920809124535
('IFG', 'sham')	0.17641947206083022	0.26462920809124535
