comparison	uncorrected_p-value	FDR-corrected_p-value
('dual', 'preSMA')	0.11586012389942138	0.34758037169826417
('IFG', 'dual')	0.7029472890175614	0.8435367468210737
('dual', 'sham')	0.9123585104329317	0.9123585104329317
('IFG', 'preSMA')	0.05258796367405586	0.3155277820443352
('preSMA', 'sham')	0.1802548604314857	0.3605097208629714
('IFG', 'sham')	0.6428512890391463	0.8435367468210737
