comparison	uncorrected_p-value	FDR-corrected_p-value
('IFG', 'preSMA')	0.05258796367405586	0.3155277820443352
('dual', 'preSMA')	0.11586012389942138	0.34758037169826417
('preSMA', 'sham')	0.1802548604314839	0.3605097208629678
('IFG', 'dual')	0.7029472890175614	0.8435367468210737
('IFG', 'sham')	0.6428512890391506	0.8435367468210737
('dual', 'sham')	0.9123585104329364	0.9123585104329364
