comparison	uncorrected_p-value	FDR-corrected_p-value
('preSMA', 'sham')	0.4406985641030805	0.7551908357227907
('IFG', 'sham')	0.5034605571485271	0.7551908357227907
('dual', 'sham')	0.9458584724460078	0.9458584724460078
('IFG', 'preSMA')	0.8008528174365233	0.9458584724460078
('dual', 'preSMA')	0.3452376868821646	0.7551908357227907
('IFG', 'dual')	0.38683824271083733	0.7551908357227907
