comparison	uncorrected_p-value	FDR-corrected_p-value
('IFG', 'preSMA')	0.07748103805883157	0.46488622835298943
('IFG', 'sham')	0.6233013673422483	0.6495802821371255
('IFG', 'dual')	0.27531261574750676	0.5506252314950135
('preSMA', 'sham')	0.21962479381361852	0.5506252314950135
('dual', 'preSMA')	0.6495802821371255	0.6495802821371255
('dual', 'sham')	0.5218330240102105	0.6495802821371255
