comparison	uncorrected_p-value	FDR-corrected_p-value
('IFG', 'preSMA')	0.17356103811823567	0.6135148303184543
('IFG', 'sham')	0.48465282208766636	0.6135148303184543
('IFG', 'dual')	0.20532417123021443	0.6135148303184543
('preSMA', 'sham')	0.41778700474506536	0.6135148303184543
('dual', 'preSMA')	0.7988551011763784	0.7988551011763784
('dual', 'sham')	0.5112623585987119	0.6135148303184543
