comparison	uncorrected_p-value	FDR-corrected_p-value
('IFG', 'preSMA')	0.04176017744829015	0.25056106468974093
('preSMA', 'sham')	0.13816655131277072	0.4144996539383122
('dual', 'preSMA')	0.362979185843159	0.5444687787647385
('IFG', 'sham')	0.5252674344607442	0.630320921352893
('IFG', 'dual')	0.36266840635582587	0.5444687787647385
('dual', 'sham')	0.706028696168684	0.706028696168684
