comparison	uncorrected_p-value	FDR-corrected_p-value
('preSMA', 'sham')	0.13816655131277072	0.4144996539383122
('dual', 'preSMA')	0.3629791858431566	0.5444687787647349
('IFG', 'preSMA')	0.04176017744829031	0.2505610646897419
('dual', 'sham')	0.7060286961686872	0.7060286961686872
('IFG', 'sham')	0.525267434460746	0.6303209213528952
('IFG', 'dual')	0.3626684063558291	0.5444687787647349
