comparison	uncorrected_p-value	FDR-corrected_p-value
('IFG', 'sham')	0.5252674344607478	0.6303209213528973
('preSMA', 'sham')	0.13816655131277006	0.4144996539383102
('dual', 'sham')	0.706028696168684	0.706028696168684
('IFG', 'preSMA')	0.04176017744829031	0.2505610646897419
('IFG', 'dual')	0.362668406355828	0.5444687787647371
('dual', 'preSMA')	0.362979185843158	0.5444687787647371
