comparison	uncorrected_p-value	FDR-corrected_p-value
('IFG', 'sham')	0.7895846630478343	0.9509098391109716
('preSMA', 'sham')	0.10782766886482535	0.2904946774939766
('dual', 'sham')	0.9509098391109716	0.9509098391109716
('IFG', 'preSMA')	0.1452473387469883	0.2904946774939766
('IFG', 'dual')	0.8429112402964455	0.9509098391109716
('dual', 'preSMA')	0.12547735837541696	0.2904946774939766
