comparison	uncorrected_p-value	FDR-corrected_p-value
('preSMA', 'sham')	0.31823325672521974	0.3818799080702637
('dual', 'preSMA')	0.22798441591459673	0.3419766238718951
('IFG', 'preSMA')	0.044355260136991446	0.2661315608219487
('dual', 'sham')	1.0	1.0
('IFG', 'sham')	0.2068868819238313	0.3419766238718951
('IFG', 'dual')	0.16732556268103754	0.3419766238718951
