comparison	uncorrected_p-value	FDR-corrected_p-value
('IFG', 'sham')	0.6519298285018911	0.7823157942022693
('IFG', 'dual')	0.6446633682485885	0.7823157942022693
('IFG', 'preSMA')	0.06727537464994407	0.251334960790552
('dual', 'sham')	0.9739466193603068	0.9739466193603068
('preSMA', 'sham')	0.10851773476553297	0.251334960790552
('dual', 'preSMA')	0.125667480395276	0.251334960790552
