comparison	uncorrected_p-value	FDR-corrected_p-value
('preSMA', 'sham')	0.1802548604314839	0.3605097208629678
('IFG', 'sham')	0.6428512890391506	0.8435367468210793
('dual', 'sham')	0.9123585104329317	0.9123585104329317
('IFG', 'preSMA')	0.05258796367405586	0.3155277820443352
('dual', 'preSMA')	0.11586012389942005	0.34758037169826017
('IFG', 'dual')	0.7029472890175661	0.8435367468210793
