comparison	uncorrected_p-value	FDR-corrected_p-value
('IFG', 'preSMA')	0.06727537464994378	0.2513349607905507
('IFG', 'sham')	0.6519298285018911	0.7823157942022693
('IFG', 'dual')	0.6446633682485885	0.7823157942022693
('preSMA', 'sham')	0.10851773476553254	0.2513349607905507
('dual', 'preSMA')	0.12566748039527534	0.2513349607905507
('dual', 'sham')	0.9739466193603068	0.9739466193603068
