comparison	uncorrected_p-value	FDR-corrected_p-value
('preSMA', 'sham')	0.21962479428249593	0.5506252192785286
('dual', 'sham')	0.5218330228560726	0.6495802806132871
('IFG', 'sham')	0.6233013618861087	0.6495802806132871
('dual', 'preSMA')	0.6495802806132871	0.6495802806132871
('IFG', 'preSMA')	0.07748103572327	0.46488621433962
('IFG', 'dual')	0.2753126096392643	0.5506252192785286
