comparison	uncorrected_p-value	FDR-corrected_p-value
('dual', 'preSMA')	0.36297918584316036	0.5444687787647405
('IFG', 'dual')	0.36266840635582587	0.5444687787647405
('dual', 'sham')	0.706028696168684	0.706028696168684
('IFG', 'preSMA')	0.04176017744829031	0.2505610646897419
('preSMA', 'sham')	0.13816655131277145	0.41449965393831434
('IFG', 'sham')	0.5252674344607442	0.630320921352893
