comparison	uncorrected_p-value	FDR-corrected_p-value
('IFG', 'sham')	0.2953192454187154	0.7354556914272263
('preSMA', 'sham')	0.5581574285469885	0.7354556914272263
('dual', 'sham')	0.8683962657521618	0.8683962657521618
('IFG', 'preSMA')	0.5185495054862644	0.7354556914272263
('IFG', 'dual')	0.31186858493523084	0.7354556914272263
('dual', 'preSMA')	0.612879742856022	0.7354556914272263
