comparison	uncorrected_p-value	FDR-corrected_p-value
('IFG', 'preSMA')	0.14930212124495798	0.7276887500284184
('IFG', 'sham')	0.7321587762161919	0.7321587762161919
('IFG', 'dual')	0.3925356940723045	0.7276887500284184
('preSMA', 'sham')	0.27012546947034277	0.7276887500284184
('dual', 'preSMA')	0.556939625980319	0.7276887500284184
('dual', 'sham')	0.6064072916903487	0.7276887500284184
